{"cities":[{"name":"Buenos Aires","link":"/en/argentina/buenos-aires"},{"name":"Rosario","link":"/en/argentina/rosario"},{"name":"Belo Horizonte","link":"/en/brazil/belo-horizonte"},{"name":"Brasilia","link":"/en/brazil/brasilia"},{"name":"Campinas","link":"/en/brazil/campinas"},{"name":"Curitiba","link":"/en/brazil/curitiba"},{"name":"Porto Alegre","link":"/en/brazil/porto-alegre"},{"name":"Rio de Janeiro","link":"/en/brazil/rio-de-janeiro"},{"name":"Santos","link":"/en/brazil/santos"},{"name":"São Paulo","link":"/en/brazil/sao-paulo"},{"name":"Concepción","link":"/en/chile/concepcion"},{"name":"Santiago","link":"/en/chile/santiago"},{"name":"Valparaíso","link":"/en/chile/valparaiso"},{"name":"Barranquilla","link":"/en/colombia/barranquilla"},{"name":"Bogotá","link":"/en/colombia/bogota"},{"name":"Cali","link":"/en/colombia/cali"},{"name":"Medellín","link":"/en/colombia/medellin"},{"name":"Santo Domingo","link":"/en/dominican-republic/santo-domingo"},{"name":"Guayaquil","link":"/en/ecuador/guayaquil"},{"name":"Quito","link":"/en/ecuador/quito"},{"name":"Guadalajara","link":"/en/mexico/guadalajara"},{"name":"Mérida","link":"/en/mexico/merida"},{"name":"Mexico City","link":"/en/mexico/mexico-city"},{"name":"Monterrey","link":"/en/mexico/monterrey"},{"name":"Puebla","link":"/en/mexico/puebla"},{"name":"Querétaro","link":"/en/mexico/queretaro"},{"name":"Tijuana","link":"/en/mexico/tijuana"},{"name":"Panama City","link":"/en/panama/ciudad-de-panama"},{"name":"Lima","link":"/en/peru/lima"},{"name":"Lisbon","link":"/en/portugal/lisbon"},{"name":"Madeira","link":"/en/portugal/madeira"},{"name":"Oporto","link":"/en/portugal/porto"},{"name":"Barcelona","link":"/en/spain/barcelona"},{"name":"Madrid","link":"/en/spain/madrid"},{"name":"Málaga","link":"/en/spain/malaga"},{"name":"Sevilla","link":"/en/spain/sevilla"},{"name":"Valencia","link":"/en/spain/valencia"}]}
