{"cities":[{"name":"Alabaster","link":"/cities/birmingham-al"},{"name":"Auburn","link":"/cities/auburn-al"},{"name":"Birmingham","link":"/cities/birmingham-al"},{"name":"Huntsville","link":"/cities/huntsville-al"},{"name":"Mobile","link":"/cities/mobile-al"},{"name":"Montgomery","link":"/cities/montgomery-al"},{"name":"Tuscaloosa","link":"/cities/tuscaloosa-al"},{"name":"Anchorage","link":"/cities/anchorage-ak"},{"name":"Fairbanks","link":"/cities/fairbanks-ak"},{"name":"Homer","link":"/cities/greater-alaska-ak"},{"name":"Juneau","link":"/cities/juneau-ak"},{"name":"Kodiak","link":"/cities/greater-alaska-ak"},{"name":"Sitka","link":"/cities/greater-alaska-ak"},{"name":"Anthem","link":"/cities/phoenix-az"},{"name":"Apache Junction","link":"/cities/phoenix-az"},{"name":"Casa Grande","link":"/cities/phoenix-az"},{"name":"Cave Creek","link":"/cities/phoenix-az"},{"name":"Chandler","link":"/cities/phoenix-az"},{"name":"Flagstaff","link":"/cities/flagstaff-az"},{"name":"Florence","link":"/cities/phoenix-az"},{"name":"Fountain Hills","link":"/cities/phoenix-az"},{"name":"Glendale","link":"/cities/phoenix-az"},{"name":"Goodyear","link":"/cities/phoenix-az"},{"name":"Kingman","link":"/cities/lake-havasu-city-az"},{"name":"Lake Havasu City","link":"/cities/lake-havasu-city-az"},{"name":"Laveen","link":"/cities/phoenix-az"},{"name":"Maricopa","link":"/cities/phoenix-az"},{"name":"Mesa","link":"/cities/phoenix-az"},{"name":"Oro Valley","link":"/cities/tucson-az"},{"name":"Peoria","link":"/cities/phoenix-az"},{"name":"Phoenix","link":"/cities/phoenix-az"},{"name":"Prescott","link":"/cities/flagstaff-az"},{"name":"Safford","link":"/cities/eastern-arizona-az"},{"name":"San Tan Valley","link":"/cities/phoenix-az"},{"name":"Scottsdale","link":"/cities/phoenix-az"},{"name":"Show Low","link":"/cities/eastern-arizona-az"},{"name":"Sun City","link":"/cities/phoenix-az"},{"name":"Surprise","link":"/cities/phoenix-az"},{"name":"Tempe","link":"/cities/phoenix-az"},{"name":"Tuba City","link":"/cities/northern-arizona-az"},{"name":"Tucson","link":"/cities/tucson-az"},{"name":"Wickenburg","link":"/cities/phoenix-az"},{"name":"Yuma","link":"/cities/yuma-az"},{"name":"Bentonville","link":"/cities/fayetteville-ar"},{"name":"Conway","link":"/cities/fayetteville-ar"},{"name":"Fayetteville","link":"/cities/fayetteville-ar"},{"name":"Fort Smith","link":"/cities/fayetteville-ar"},{"name":"Jonesboro","link":"/cities/fayetteville-ar"},{"name":"Little Rock","link":"/cities/little-rock-ar"},{"name":"Pine Bluff","link":"/cities/little-rock-ar"},{"name":"Rogers","link":"/cities/fayetteville-ar"},{"name":"Alameda","link":"/cities/san-francisco-ca"},{"name":"Antioch","link":"/cities/san-francisco-ca"},{"name":"Bakersfield","link":"/cities/bakersfield-ca"},{"name":"Berkeley","link":"/cities/san-francisco-ca"},{"name":"Bishop","link":"/cities/eastern-sierras-ca"},{"name":"Burbank","link":"/cities/los-angeles-ca"},{"name":"Carlsbad","link":"/cities/san-diego-ca"},{"name":"Chico","link":"/cities/chico-ca"},{"name":"Concord","link":"/cities/san-francisco-ca"},{"name":"Corona","link":"/cities/inland-empire-ca"},{"name":"Cupertino","link":"/cities/silicon-valley-ca"},{"name":"Daly City","link":"/cities/san-francisco-ca"},{"name":"Davis","link":"/cities/sacramento-ca"},{"name":"Dublin","link":"/cities/san-francisco-ca"},{"name":"El Centro","link":"/cities/el-centro-ca"},{"name":"Elk Grove","link":"/cities/sacramento-ca"},{"name":"Eureka","link":"/cities/eureka-ca"},{"name":"Fairfield","link":"/cities/napa-and-sonoma-county-ca"},{"name":"Fresno","link":"/cities/fresno-ca"},{"name":"Gilroy","link":"/cities/santa-cruz-ca"},{"name":"Hayward","link":"/cities/san-francisco-ca"},{"name":"Healdsburg","link":"/cities/napa-and-sonoma-county-ca"},{"name":"Huntington Beach","link":"/cities/orange-county-ca"},{"name":"Inglewood","link":"/cities/los-angeles-ca"},{"name":"Irvine","link":"/cities/orange-county-ca"},{"name":"La Jolla","link":"/cities/san-diego-ca"},{"name":"Laguna","link":"/cities/orange-county-ca"},{"name":"Lancaster","link":"/cities/victorville-ca"},{"name":"Livermore","link":"/cities/san-francisco-ca"},{"name":"Lodi","link":"/cities/stockton-ca"},{"name":"Lompoc","link":"/cities/san-luis-obispo-ca"},{"name":"Long Beach","link":"/cities/los-angeles-ca"},{"name":"Los Angeles","link":"/cities/los-angeles-ca"},{"name":"Los Banos","link":"/cities/merced-ca"},{"name":"Mammoth Lakes","link":"/cities/eastern-sierras-ca"},{"name":"Manteca","link":"/cities/modesto-ca"},{"name":"Merced","link":"/cities/merced-ca"},{"name":"Mill Valley","link":"/cities/san-francisco-ca"},{"name":"Milpitas","link":"/cities/silicon-valley-ca"},{"name":"Mission Viejo","link":"/cities/orange-county-ca"},{"name":"Modesto","link":"/cities/modesto-ca"},{"name":"Monterey","link":"/cities/monterey-ca"},{"name":"Moreno Valley","link":"/cities/inland-empire-ca"},{"name":"Morgan Hill","link":"/cities/santa-cruz-ca"},{"name":"Napa","link":"/cities/napa-and-sonoma-county-ca"},{"name":"Newport Beach","link":"/cities/orange-county-ca"},{"name":"Oakland","link":"/cities/san-francisco-ca"},{"name":"Oceanside","link":"/cities/san-diego-ca"},{"name":"Oxnard","link":"/cities/ventura-ca"},{"name":"Palm Springs-Palm Desert","link":"/cities/inland-empire-ca"},{"name":"Palo Alto-Menlo Park","link":"/cities/silicon-valley-ca"},{"name":"Pasadena","link":"/cities/los-angeles-ca"},{"name":"Paso Robles","link":"/cities/san-luis-obispo-ca"},{"name":"Pleasanton","link":"/cities/san-francisco-ca"},{"name":"Poway","link":"/cities/san-diego-ca"},{"name":"Rancho Cucamonga","link":"/cities/inland-empire-ca"},{"name":"Redding","link":"/cities/redding-ca"},{"name":"Redlands","link":"/cities/inland-empire-ca"},{"name":"Richmond","link":"/cities/san-francisco-ca"},{"name":"Riverside","link":"/cities/inland-empire-ca"},{"name":"Roseville","link":"/cities/sacramento-ca"},{"name":"Sacramento","link":"/cities/sacramento-ca"},{"name":"Salinas","link":"/cities/monterey-ca"},{"name":"San Bernardino","link":"/cities/inland-empire-ca"},{"name":"San Diego","link":"/cities/san-diego-ca"},{"name":"San Francisco","link":"/cities/san-francisco-ca"},{"name":"San Jose","link":"/cities/silicon-valley-ca"},{"name":"San Leandro","link":"/cities/san-francisco-ca"},{"name":"San Luis Obispo","link":"/cities/san-luis-obispo-ca"},{"name":"San Mateo","link":"/cities/san-francisco-ca"},{"name":"San Rafael","link":"/cities/san-francisco-ca"},{"name":"Santa Barbara","link":"/cities/santa-barbara-ca"},{"name":"Santa Clara","link":"/cities/silicon-valley-ca"},{"name":"Santa Clarita","link":"/cities/los-angeles-ca"},{"name":"Santa Cruz","link":"/cities/santa-cruz-ca"},{"name":"Santa Maria","link":"/cities/san-luis-obispo-ca"},{"name":"Santa Monica","link":"/cities/los-angeles-ca"},{"name":"Santa Rosa","link":"/cities/napa-and-sonoma-county-ca"},{"name":"Simi Valley","link":"/cities/ventura-ca"},{"name":"Sonoma","link":"/cities/napa-and-sonoma-county-ca"},{"name":"South Lake Tahoe","link":"/cities/lake-tahoe-ca"},{"name":"South San Francisco","link":"/cities/san-francisco-ca"},{"name":"Stockton","link":"/cities/stockton-ca"},{"name":"Sunnyvale","link":"/cities/silicon-valley-ca"},{"name":"Thousand Oaks","link":"/cities/ventura-ca"},{"name":"Truckee","link":"/cities/lake-tahoe-ca"},{"name":"Vallejo","link":"/cities/napa-and-sonoma-county-ca"},{"name":"Ventura","link":"/cities/ventura-ca"},{"name":"Victorville","link":"/cities/victorville-ca"},{"name":"Walnut Creek","link":"/cities/san-francisco-ca"},{"name":"Watsonville","link":"/cities/santa-cruz-ca"},{"name":"Yuba City","link":"/cities/yuba-city-ca"},{"name":"Aspen","link":"/cities/aspen-co"},{"name":"Aurora","link":"/cities/denver-co"},{"name":"Avon","link":"/cities/vail-co"},{"name":"Beaver Creek","link":"/cities/vail-co"},{"name":"Boulder","link":"/cities/denver-co"},{"name":"Breckenridge","link":"/cities/breckenridge-co"},{"name":"Carbondale","link":"/cities/aspen-co"},{"name":"Centennial","link":"/cities/denver-co"},{"name":"Central City","link":"/cities/breckenridge-co"},{"name":"Colorado Springs","link":"/cities/colorado-springs-co"},{"name":"Copper Mountain","link":"/cities/breckenridge-co"},{"name":"Denver","link":"/cities/denver-co"},{"name":"Fort Collins","link":"/cities/fort-collins-co"},{"name":"Fountain","link":"/cities/colorado-springs-co"},{"name":"Fraser","link":"/cities/winter-park-co"},{"name":"Frisco","link":"/cities/breckenridge-co"},{"name":"Glenwood Springs","link":"/cities/aspen-co"},{"name":"Granby","link":"/cities/winter-park-co"},{"name":"Idaho Springs","link":"/cities/breckenridge-co"},{"name":"Keystone","link":"/cities/breckenridge-co"},{"name":"Loveland","link":"/cities/fort-collins-co"},{"name":"Montrose","link":"/cities/telluride-co"},{"name":"Ouray","link":"/cities/telluride-co"},{"name":"Ridgway","link":"/cities/telluride-co"},{"name":"Silverthorne","link":"/cities/breckenridge-co"},{"name":"Steamboat Springs","link":"/cities/steamboat-springs-co"},{"name":"Telluride","link":"/cities/telluride-co"},{"name":"Vail","link":"/cities/vail-co"},{"name":"Winter Park","link":"/cities/winter-park-co"},{"name":"Bridgeport","link":"/cities/bridgeport-ct"},{"name":"Danbury","link":"/cities/bridgeport-ct"},{"name":"Greenwich","link":"/cities/bridgeport-ct"},{"name":"Groton","link":"/cities/norwich-ct"},{"name":"Hartford","link":"/cities/hartford-ct"},{"name":"Litchfield","link":"/cities/hartford-ct"},{"name":"Middletown","link":"/cities/new-haven-ct"},{"name":"New Haven","link":"/cities/new-haven-ct"},{"name":"New London","link":"/cities/norwich-ct"},{"name":"New Milford","link":"/cities/hartford-ct"},{"name":"Norwich","link":"/cities/norwich-ct"},{"name":"Stamford","link":"/cities/bridgeport-ct"},{"name":"Tolland","link":"/cities/hartford-ct"},{"name":"Waterbury","link":"/cities/new-haven-ct"},{"name":"Windham","link":"/cities/norwich-ct"},{"name":"Dover","link":"/cities/greater-delaware-de"},{"name":"Washington D.C.","link":"/cities/washington-dc"},{"name":"Boca Raton","link":"/cities/miami-fl"},{"name":"Bonita Springs","link":"/cities/fort-myers-fl"},{"name":"Boynton-Delray Beach","link":"/cities/miami-fl"},{"name":"Bradenton","link":"/cities/bradenton-fl"},{"name":"Cape Coral","link":"/cities/fort-myers-fl"},{"name":"Clearwater","link":"/cities/tampa-bay-fl"},{"name":"Daytona Beach","link":"/cities/daytona-beach-fl"},{"name":"Deltona","link":"/cities/daytona-beach-fl"},{"name":"Florida Keys","link":"/cities/florida-keys-fl"},{"name":"Fort Lauderdale","link":"/cities/miami-fl"},{"name":"Fort Myers","link":"/cities/fort-myers-fl"},{"name":"Fort Pierce","link":"/cities/port-st-lucie-fl"},{"name":"Gainesville","link":"/cities/gainesville-fl"},{"name":"Homestead","link":"/cities/miami-fl"},{"name":"Jacksonville","link":"/cities/jacksonville-fl"},{"name":"Key Largo","link":"/cities/florida-keys-fl"},{"name":"Kissimmee","link":"/cities/orlando-fl"},{"name":"Lakeland","link":"/cities/lakeland-fl"},{"name":"Miami","link":"/cities/miami-fl"},{"name":"Naples","link":"/cities/naples-fl"},{"name":"North Port","link":"/cities/sarasota-fl"},{"name":"Ocala","link":"/cities/ocala-fl"},{"name":"Orlando","link":"/cities/orlando-fl"},{"name":"Ormond Beach","link":"/cities/daytona-beach-fl"},{"name":"Palm Bay","link":"/cities/daytona-beach-fl"},{"name":"Panama City","link":"/cities/panama-city-fl"},{"name":"Pensacola","link":"/cities/pensacola-fl"},{"name":"Port Charlotte","link":"/cities/port-charlotte-fl"},{"name":"Port St. Lucie","link":"/cities/port-st-lucie-fl"},{"name":"Punta Gorda","link":"/cities/port-charlotte-fl"},{"name":"Sanford","link":"/cities/orlando-fl"},{"name":"Sarasota","link":"/cities/sarasota-fl"},{"name":"St Petersburg","link":"/cities/tampa-bay-fl"},{"name":"Tallahassee","link":"/cities/tallahassee-fl"},{"name":"Tampa Bay","link":"/cities/tampa-bay-fl"},{"name":"Titusville","link":"/cities/daytona-beach-fl"},{"name":"Venice","link":"/cities/sarasota-fl"},{"name":"West Palm Beach","link":"/cities/miami-fl"},{"name":"Winter Haven","link":"/cities/lakeland-fl"},{"name":"Albany","link":"/cities/albany-ga"},{"name":"Alpharetta","link":"/cities/atlanta-ga"},{"name":"Athens","link":"/cities/athens-ga"},{"name":"Atlanta","link":"/cities/atlanta-ga"},{"name":"Augusta","link":"/cities/augusta-ga"},{"name":"Bainbridge","link":"/cities/albany-ga"},{"name":"Blue Ridge","link":"/cities/toccoa-ga"},{"name":"Brunswick","link":"/cities/coastal-georgia-ga"},{"name":"Calhoun","link":"/cities/northern-georgia-ga"},{"name":"Cartersville","link":"/cities/northern-georgia-ga"},{"name":"Columbus","link":"/cities/columbus-ga"},{"name":"Cordele","link":"/cities/albany-ga"},{"name":"Dahlonega","link":"/cities/northern-georgia-ga"},{"name":"Dalton","link":"/cities/northern-georgia-ga"},{"name":"Dublin","link":"/cities/dublin-ga"},{"name":"Elijay","link":"/cities/toccoa-ga"},{"name":"LaGrange","link":"/cities/columbus-ga"},{"name":"Macon","link":"/cities/macon-ga"},{"name":"Marietta","link":"/cities/atlanta-ga"},{"name":"Rome","link":"/cities/northern-georgia-ga"},{"name":"Savannah","link":"/cities/savannah-ga"},{"name":"Thomasville","link":"/cities/albany-ga"},{"name":"Tifton","link":"/cities/albany-ga"},{"name":"Toccoa","link":"/cities/toccoa-ga"},{"name":"Valdosta","link":"/cities/valdosta-ga"},{"name":"Vidalia","link":"/cities/dublin-ga"},{"name":"Big Island","link":"/cities/big-island-hi"},{"name":"Hilo","link":"/cities/big-island-hi"},{"name":"Honolulu","link":"/cities/honolulu-hi"},{"name":"Kahului","link":"/cities/maui-hi"},{"name":"Kailua","link":"/cities/big-island-hi"},{"name":"Kaneohe","link":"/cities/honolulu-hi"},{"name":"Kauai","link":"/cities/kauai-hi"},{"name":"Kihei","link":"/cities/maui-hi"},{"name":"Kona","link":"/cities/big-island-hi"},{"name":"Lahaina","link":"/cities/maui-hi"},{"name":"Lihue","link":"/cities/kauai-hi"},{"name":"Maui","link":"/cities/maui-hi"},{"name":"Wailua","link":"/cities/kauai-hi"},{"name":"Waipahu","link":"/cities/honolulu-hi"},{"name":"Boise","link":"/cities/boise-id"},{"name":"Idaho Falls","link":"/cities/idaho-falls-id"},{"name":"Bloomington","link":"/cities/bloomington-il"},{"name":"Champaign","link":"/cities/champaign-il"},{"name":"Chicago","link":"/cities/chicago-il"},{"name":"Decatur","link":"/cities/decatur-il"},{"name":"Evanston","link":"/cities/chicago-il"},{"name":"Kankakee","link":"/cities/kankakee-il"},{"name":"Naperville","link":"/cities/chicago-il"},{"name":"Normal","link":"/cities/bloomington-il"},{"name":"Rockford","link":"/cities/northeastern-illinois-il"},{"name":"Southern Illinois","link":"/cities/southern-illinois-il"},{"name":"Springfield","link":"/cities/springfield-il"},{"name":"Carmel","link":"/cities/indianapolis-in"},{"name":"Bloomington","link":"/cities/bloomington-in"},{"name":"Evansville","link":"/cities/evansville-in"},{"name":"Fort Wayne","link":"/cities/fort-wayne-in"},{"name":"Gary","link":"/cities/gary-in"},{"name":"Indianapolis","link":"/cities/indianapolis-in"},{"name":"Lafayette","link":"/cities/indianapolis-in"},{"name":"Muncie","link":"/cities/muncie-in"},{"name":"South Bend","link":"/cities/south-bend-in"},{"name":"Terre Haute","link":"/cities/terre-haute-in"},{"name":"Ames","link":"/cities/ames-ia"},{"name":"Cedar Rapids","link":"/cities/cedar-rapids-ia"},{"name":"Davenport","link":"/cities/davenport-ia"},{"name":"Des Moines","link":"/cities/des-moines-ia"},{"name":"Dubuque","link":"/cities/dubuque-ia"},{"name":"Iowa City","link":"/cities/iowa-city-ia"},{"name":"Sioux City","link":"/cities/sioux-city-ia"},{"name":"Waterloo","link":"/cities/waterloo-ia"},{"name":"Dodge City","link":"/cities/western-kansas-ks"},{"name":"Kansas City","link":"/cities/lawrence-ks"},{"name":"Lawrence","link":"/cities/lawrence-ks"},{"name":"Manhattan","link":"/cities/manhattan-ks"},{"name":"Topeka","link":"/cities/topeka-ks"},{"name":"Wichita","link":"/cities/wichita-ks"},{"name":"Bardstown","link":"/cities/louisville-ky"},{"name":"Bowling Green","link":"/cities/bowling-green-ky"},{"name":"Elizabethtown","link":"/cities/louisville-ky"},{"name":"Lexington","link":"/cities/lexington-ky"},{"name":"Louisville","link":"/cities/louisville-ky"},{"name":"Baton Rouge","link":"/cities/baton-rouge-la"},{"name":"Lafayette","link":"/cities/lafayette-la"},{"name":"Lake Charles","link":"/cities/lake-charles-la"},{"name":"Monroe","link":"/cities/monroe-la"},{"name":"New Orleans","link":"/cities/new-orleans-la"},{"name":"Shreveport","link":"/cities/shreveport-la"},{"name":"Augusta","link":"/cities/greater-maine-me"},{"name":"Bangor","link":"/cities/greater-maine-me"},{"name":"Freeport","link":"/cities/portland-me"},{"name":"Lewiston","link":"/cities/portland-me"},{"name":"Portland","link":"/cities/portland-me"},{"name":"Baltimore","link":"/cities/baltimore-md"},{"name":"Bethesda-Silver Spring","link":"/cities/washington-dc"},{"name":"College Park","link":"/cities/washington-dc"},{"name":"Frederick","link":"/cities/western-maryland-md"},{"name":"Gaithersburg","link":"/cities/western-maryland-md"},{"name":"Hagerstown","link":"/cities/western-maryland-md"},{"name":"Ocean City","link":"/cities/eastern-maryland-md"},{"name":"Salisbury","link":"/cities/eastern-maryland-md"},{"name":"Towson","link":"/cities/baltimore-md"},{"name":"Amherst","link":"/cities/western-massachusetts-ma"},{"name":"Boston","link":"/cities/boston-ma"},{"name":"Brockton","link":"/cities/boston-ma"},{"name":"Cambridge","link":"/cities/boston-ma"},{"name":"Cape Cod","link":"/cities/cape-cod-ma"},{"name":"Holyoke","link":"/cities/western-massachusetts-ma"},{"name":"Leominster","link":"/cities/worcester-ma"},{"name":"Lowell","link":"/cities/boston-ma"},{"name":"Newton","link":"/cities/boston-ma"},{"name":"Pittsfield","link":"/cities/western-massachusetts-ma"},{"name":"Springfield","link":"/cities/western-massachusetts-ma"},{"name":"Worcester","link":"/cities/worcester-ma"},{"name":"Alpena","link":"/cities/northern-michigan-mi"},{"name":"Ann Arbor","link":"/cities/ann-arbor-mi"},{"name":"Benton Harbor","link":"/cities/kalamazoo-mi"},{"name":"Cadillac","link":"/cities/northern-michigan-mi"},{"name":"Detroit","link":"/cities/detroit-mi"},{"name":"East Lansing","link":"/cities/lansing-mi"},{"name":"Farmington Hills","link":"/cities/detroit-mi"},{"name":"Flint","link":"/cities/flint-mi"},{"name":"Grand Haven","link":"/cities/grand-rapids-mi"},{"name":"Grand Rapids","link":"/cities/grand-rapids-mi"},{"name":"Holland","link":"/cities/grand-rapids-mi"},{"name":"Houghton","link":"/cities/upper-peninsula-mi"},{"name":"Jackson","link":"/cities/jackson-mi"},{"name":"Kalamazoo","link":"/cities/kalamazoo-mi"},{"name":"Lansing","link":"/cities/lansing-mi"},{"name":"Marquette","link":"/cities/upper-peninsula-mi"},{"name":"Midland","link":"/cities/midland-mi"},{"name":"Mt. Pleasant","link":"/cities/midland-mi"},{"name":"Muskegon","link":"/cities/grand-rapids-mi"},{"name":"Saginaw","link":"/cities/saginaw-mi"},{"name":"South Haven","link":"/cities/kalamazoo-mi"},{"name":"Traverse City","link":"/cities/northern-michigan-mi"},{"name":"Troy","link":"/cities/detroit-mi"},{"name":"Warren","link":"/cities/detroit-mi"},{"name":"Duluth","link":"/cities/duluth-mn"},{"name":"Mankato","link":"/cities/mankato-mn"},{"name":"Minneapolis","link":"/cities/minneapolis-st-paul-mn"},{"name":"Rochester","link":"/cities/rochester-mn"},{"name":"St. Cloud","link":"/cities/greater-minnesota-mn"},{"name":"St. Paul","link":"/cities/minneapolis-st-paul-mn"},{"name":"Biloxi","link":"/cities/gulfport-biloxi-ms"},{"name":"Gulfport","link":"/cities/gulfport-biloxi-ms"},{"name":"Hattiesburg","link":"/cities/hattiesburg-ms"},{"name":"Jackson","link":"/cities/jackson-ms"},{"name":"Oxford","link":"/cities/oxford-ms"},{"name":"Tupelo","link":"/cities/oxford-ms"},{"name":"Blue Springs","link":"/cities/kansas-city-mo"},{"name":"Branson","link":"/cities/springfield-mo"},{"name":"Chesterfield","link":"/cities/st-louis-mo"},{"name":"Columbia","link":"/cities/columbia-mo"},{"name":"Florissant","link":"/cities/st-louis-mo"},{"name":"Independence","link":"/cities/kansas-city-mo"},{"name":"Jefferson City","link":"/cities/columbia-mo"},{"name":"Joplin","link":"/cities/springfield-mo"},{"name":"Kansas City","link":"/cities/kansas-city-mo"},{"name":"Lee's Summit","link":"/cities/kansas-city-mo"},{"name":"O'fallon","link":"/cities/st-louis-mo"},{"name":"Springfield","link":"/cities/springfield-mo"},{"name":"St. Charles","link":"/cities/st-louis-mo"},{"name":"St. Louis","link":"/cities/st-louis-mo"},{"name":"Billings","link":"/cities/eastern-montana-mt"},{"name":"Bozeman","link":"/cities/eastern-montana-mt"},{"name":"Butte","link":"/cities/western-montana-mt"},{"name":"Great Falls","link":"/cities/western-montana-mt"},{"name":"Helena","link":"/cities/western-montana-mt"},{"name":"Kalispell","link":"/cities/western-montana-mt"},{"name":"Missoula","link":"/cities/western-montana-mt"},{"name":"Bellevue","link":"/cities/omaha-ne"},{"name":"Grand Island","link":"/cities/western-nebraska-ne"},{"name":"Lincoln","link":"/cities/lincoln-ne"},{"name":"North Platte","link":"/cities/western-nebraska-ne"},{"name":"Omaha","link":"/cities/omaha-ne"},{"name":"Elko","link":"/cities/eastern-nevada-nv"},{"name":"Henderson","link":"/cities/las-vegas-nv"},{"name":"Las Vegas","link":"/cities/las-vegas-nv"},{"name":"Reno","link":"/cities/reno-nv"},{"name":"Summerlin","link":"/cities/las-vegas-nv"},{"name":"Concord","link":"/cities/manchester-nh"},{"name":"Derry","link":"/cities/manchester-nh"},{"name":"Manchester","link":"/cities/manchester-nh"},{"name":"Nashua","link":"/cities/manchester-nh"},{"name":"Atlantic City","link":"/cities/new-jersey-nj"},{"name":"Camden","link":"/cities/new-jersey-nj"},{"name":"Cherry Hill","link":"/cities/new-jersey-nj"},{"name":"Hoboken","link":"/cities/new-jersey-nj"},{"name":"Jersey City","link":"/cities/new-jersey-nj"},{"name":"Montclair","link":"/cities/new-jersey-nj"},{"name":"Morristown","link":"/cities/new-jersey-nj"},{"name":"Newark","link":"/cities/new-jersey-nj"},{"name":"Trenton","link":"/cities/new-jersey-nj"},{"name":"Albuquerque","link":"/cities/albuquerque-nm"},{"name":"Gallup","link":"/cities/gallup-nm"},{"name":"Las Cruces","link":"/cities/las-cruces-nm"},{"name":"Roswell","link":"/cities/roswell-nm"},{"name":"Santa Fe","link":"/cities/santa-fe-nm"},{"name":"Taos","link":"/cities/taos-nm"},{"name":"Albany","link":"/cities/albany-ny"},{"name":"Auburn","link":"/cities/syracuse-ny"},{"name":"Binghamton","link":"/cities/binghamton-ny"},{"name":"Buffalo","link":"/cities/buffalo-ny"},{"name":"Elmira","link":"/cities/elmira-ny"},{"name":"Hamptons","link":"/cities/hamptons-ny"},{"name":"Ithaca","link":"/cities/ithaca-ny"},{"name":"Mid-Hudson","link":"/cities/mid-hudson-ny"},{"name":"Nassau County","link":"/cities/nassau-county-ny"},{"name":"New York City","link":"/cities/new-york-city-ny"},{"name":"Niagara Falls","link":"/cities/buffalo-ny"},{"name":"Plattsburgh","link":"/cities/plattsburgh-ny"},{"name":"Rochester","link":"/cities/rochester-ny"},{"name":"Saratoga Springs","link":"/cities/albany-ny"},{"name":"Schenectady","link":"/cities/albany-ny"},{"name":"Suffolk County","link":"/cities/suffolk-county-ny"},{"name":"Syracuse","link":"/cities/syracuse-ny"},{"name":"Utica","link":"/cities/utica-ny"},{"name":"Watertown","link":"/cities/watertown-ny"},{"name":"Westchester County","link":"/cities/westchester-county-ny"},{"name":"Asheville","link":"/cities/asheville-nc"},{"name":"Cary","link":"/cities/raleigh-durham-nc"},{"name":"Chapel Hill","link":"/cities/raleigh-durham-nc"},{"name":"Charlotte","link":"/cities/charlotte-nc"},{"name":"Concord","link":"/cities/charlotte-nc"},{"name":"Durham","link":"/cities/raleigh-durham-nc"},{"name":"Fayetteville","link":"/cities/fayetteville-nc"},{"name":"Goldsboro","link":"/cities/jacksonville-nc"},{"name":"Greensboro","link":"/cities/greensboro-nc"},{"name":"Greenville","link":"/cities/jacksonville-nc"},{"name":"Hickory","link":"/cities/hickory-nc"},{"name":"Huntersville","link":"/cities/charlotte-nc"},{"name":"Jacksonville","link":"/cities/jacksonville-nc"},{"name":"Matthews","link":"/cities/charlotte-nc"},{"name":"Outer Banks","link":"/cities/outer-banks-nc"},{"name":"Raleigh","link":"/cities/raleigh-durham-nc"},{"name":"Salisbury","link":"/cities/salisbury-nc"},{"name":"Wilmington","link":"/cities/wilmington-nc"},{"name":"Winston-Salem","link":"/cities/greensboro-nc"},{"name":"Bismarck","link":"/cities/bismarck-nd"},{"name":"Fargo","link":"/cities/fargo-nd"},{"name":"Grand Forks","link":"/cities/grand-forks-nd"},{"name":"Akron","link":"/cities/cleveland-oh"},{"name":"Bowling Green","link":"/cities/toledo-oh"},{"name":"Cincinnati","link":"/cities/cincinnati-oh"},{"name":"Cleveland","link":"/cities/cleveland-oh"},{"name":"Columbus","link":"/cities/columbus-oh"},{"name":"Dayton","link":"/cities/dayton-oh"},{"name":"Marietta","link":"/cities/parkersburg-wv"},{"name":"Toledo","link":"/cities/toledo-oh"},{"name":"Youngstown","link":"/cities/youngstown-oh"},{"name":"Ardmore","link":"/cities/ardmore-ok"},{"name":"Broken Arrow","link":"/cities/tulsa-ok"},{"name":"Lawton","link":"/cities/lawton-ok"},{"name":"Moore","link":"/cities/oklahoma-city-ok"},{"name":"Norman","link":"/cities/oklahoma-city-ok"},{"name":"Oklahoma City","link":"/cities/oklahoma-city-ok"},{"name":"Stillwater","link":"/cities/stillwater-ok"},{"name":"Tulsa","link":"/cities/tulsa-ok"},{"name":"Woodward","link":"/cities/woodward-ok"},{"name":"Ajax","link":"/cities/greater-toronto-area-on"},{"name":"Brampton","link":"/cities/greater-toronto-area-on"},{"name":"Hamilton","link":"/cities/greater-toronto-area-on"},{"name":"Mississauga","link":"/cities/greater-toronto-area-on"},{"name":"Newmarket","link":"/cities/greater-toronto-area-on"},{"name":"Oshawa","link":"/cities/greater-toronto-area-on"},{"name":"Richmond Hill","link":"/cities/greater-toronto-area-on"},{"name":"Toronto","link":"/cities/city-of-toronto-on"},{"name":"Beaverton","link":"/cities/portland-or"},{"name":"Bend","link":"/cities/bend-or"},{"name":"Corvallis","link":"/cities/corvallis-or"},{"name":"Medford","link":"/cities/medford-or"},{"name":"Portland","link":"/cities/portland-or"},{"name":"Salem","link":"/cities/salem-or"},{"name":"Allentown","link":"/cities/allentown-pa"},{"name":"Altoona","link":"/cities/altoona-johnstown-area-pa"},{"name":"Erie","link":"/cities/erie-pa"},{"name":"Harrisburg","link":"/cities/harrisburg-pa"},{"name":"Johnstown","link":"/cities/altoona-johnstown-area-pa"},{"name":"King of Prussia","link":"/cities/philadelphia-pa"},{"name":"Lancaster","link":"/cities/lancaster-pa"},{"name":"Lebanon","link":"/cities/harrisburg-pa"},{"name":"Lehigh Valley","link":"/cities/allentown-pa"},{"name":"Mt. Lebanon-Bethel Park","link":"/cities/pittsburgh-pa"},{"name":"Philadelphia","link":"/cities/philadelphia-pa"},{"name":"Pittsburgh","link":"/cities/pittsburgh-pa"},{"name":"Reading","link":"/cities/reading-pa"},{"name":"Scranton","link":"/cities/scranton-pa"},{"name":"State College","link":"/cities/state-college-pa"},{"name":"Williamsport","link":"/cities/williamsport-pa"},{"name":"York","link":"/cities/york-pa"},{"name":"Newport","link":"/cities/providence-ri"},{"name":"Pawtucket","link":"/cities/providence-ri"},{"name":"Providence","link":"/cities/providence-ri"},{"name":"Charleston","link":"/cities/charleston-sc"},{"name":"Clemson","link":"/cities/greenville-sc"},{"name":"Columbia","link":"/cities/columbia-sc"},{"name":"Greenville","link":"/cities/greenville-sc"},{"name":"Myrtle Beach","link":"/cities/myrtle-beach-sc"},{"name":"Spartanburg","link":"/cities/greenville-sc"},{"name":"Arberdeen","link":"/cities/south-dakota-sd"},{"name":"Pierre","link":"/cities/south-dakota-sd"},{"name":"Rapid City","link":"/cities/south-dakota-sd"},{"name":"Sioux Falls","link":"/cities/south-dakota-sd"},{"name":"Chattanooga","link":"/cities/chattanooga-tn"},{"name":"Clarksville","link":"/cities/clarksville-tn"},{"name":"Cookeville","link":"/cities/cookeville-tn"},{"name":"Dyersburg","link":"/cities/jackson-tn"},{"name":"Germantown","link":"/cities/memphis-tn"},{"name":"Jackson","link":"/cities/jackson-tn"},{"name":"Johnson City","link":"/cities/johnson-city-tn"},{"name":"Kingsport","link":"/cities/johnson-city-tn"},{"name":"Knoxville","link":"/cities/knoxville-tn"},{"name":"McMinnville","link":"/cities/cookeville-tn"},{"name":"Memphis","link":"/cities/memphis-tn"},{"name":"Nashville","link":"/cities/nashville-tn"},{"name":"Union City","link":"/cities/jackson-tn"},{"name":"Abilene","link":"/cities/abilene-tx"},{"name":"Amarillo","link":"/cities/amarillo-tx"},{"name":"Arlington","link":"/cities/dallas-fort-worth-tx"},{"name":"Austin","link":"/cities/austin-tx"},{"name":"Beaumont","link":"/cities/beaumont-tx"},{"name":"Brownsville","link":"/cities/rio-grande-valley-tx"},{"name":"Bryan","link":"/cities/college-station-tx"},{"name":"Cedar Park","link":"/cities/austin-tx"},{"name":"College Station","link":"/cities/college-station-tx"},{"name":"Conroe","link":"/cities/houston-tx"},{"name":"Corpus Christi","link":"/cities/corpus-christi-tx"},{"name":"Dallas","link":"/cities/dallas-fort-worth-tx"},{"name":"Denton","link":"/cities/dallas-fort-worth-tx"},{"name":"Edinburg","link":"/cities/rio-grande-valley-tx"},{"name":"El Paso","link":"/cities/el-paso-tx"},{"name":"Ft. Worth","link":"/cities/dallas-fort-worth-tx"},{"name":"Galveston","link":"/cities/houston-tx"},{"name":"Garland","link":"/cities/dallas-fort-worth-tx"},{"name":"Georgetown","link":"/cities/austin-tx"},{"name":"Harlingen","link":"/cities/rio-grande-valley-tx"},{"name":"Houston","link":"/cities/houston-tx"},{"name":"Killeen","link":"/cities/waco-killeen-tx"},{"name":"Laredo","link":"/cities/laredo-tx"},{"name":"League City","link":"/cities/houston-tx"},{"name":"Lubbock","link":"/cities/lubbock-tx"},{"name":"Marfa","link":"/cities/marfa-tx"},{"name":"McAllen","link":"/cities/rio-grande-valley-tx"},{"name":"Mesquite","link":"/cities/dallas-fort-worth-tx"},{"name":"Midland","link":"/cities/midland-odessa-tx"},{"name":"Odessa","link":"/cities/midland-odessa-tx"},{"name":"Pearland","link":"/cities/houston-tx"},{"name":"Pflugerville","link":"/cities/austin-tx"},{"name":"Plano","link":"/cities/dallas-fort-worth-tx"},{"name":"Rockport","link":"/cities/corpus-christi-tx"},{"name":"Round Rock","link":"/cities/austin-tx"},{"name":"San Angelo","link":"/cities/san-angelo-tx"},{"name":"San Antonio","link":"/cities/san-antonio-tx"},{"name":"San Marcos","link":"/cities/austin-tx"},{"name":"Sugar Land","link":"/cities/houston-tx"},{"name":"Texas City","link":"/cities/houston-tx"},{"name":"The Woodlands","link":"/cities/houston-tx"},{"name":"Tyler","link":"/cities/tyler-tx"},{"name":"Victoria","link":"/cities/victoria-tx"},{"name":"Waco","link":"/cities/waco-killeen-tx"},{"name":"Wichita Falls","link":"/cities/wichita-falls-tx"},{"name":"Logan","link":"/cities/logan-ut"},{"name":"Park City","link":"/cities/salt-lake-city-ut"},{"name":"Provo","link":"/cities/salt-lake-city-ut"},{"name":"Salt Lake City","link":"/cities/salt-lake-city-ut"},{"name":"St. George","link":"/cities/st-george-ut"},{"name":"Taylorsville","link":"/cities/salt-lake-city-ut"},{"name":"Burlington","link":"/cities/greater-vermont-vt"},{"name":"Colcheter","link":"/cities/greater-vermont-vt"},{"name":"Essex","link":"/cities/greater-vermont-vt"},{"name":"Killington","link":"/cities/greater-vermont-vt"},{"name":"Middlebury","link":"/cities/greater-vermont-vt"},{"name":"Montpelier","link":"/cities/greater-vermont-vt"},{"name":"Alexandria","link":"/cities/washington-dc"},{"name":"Arlington","link":"/cities/washington-dc"},{"name":"Blacksburg","link":"/cities/roanoke-va"},{"name":"Charlottesville","link":"/cities/charlottesville-va"},{"name":"Fredericksburg","link":"/cities/fredericksburg-va"},{"name":"Hampton","link":"/cities/virginia-beach-hampton-roads-va"},{"name":"Harrisonburg","link":"/cities/harrisonburg-va"},{"name":"Lynchburg","link":"/cities/lynchburg-va"},{"name":"Newport News","link":"/cities/virginia-beach-hampton-roads-va"},{"name":"Norfolk","link":"/cities/virginia-beach-hampton-roads-va"},{"name":"Richmond","link":"/cities/richmond-va"},{"name":"Roanoke","link":"/cities/roanoke-va"},{"name":"Tysons Corner","link":"/cities/washington-dc"},{"name":"Virginia Beach","link":"/cities/virginia-beach-hampton-roads-va"},{"name":"Bellingham","link":"/cities/bellingham-wa"},{"name":"Everett","link":"/cities/seattle-wa"},{"name":"Kent","link":"/cities/seattle-wa"},{"name":"Pullman","link":"/cities/pullman-wa"},{"name":"Seattle","link":"/cities/seattle-wa"},{"name":"Spokane","link":"/cities/spokane-wa"},{"name":"Tacoma","link":"/cities/tacoma-wa"},{"name":"Vancouver","link":"/cities/portland-or"},{"name":"Wenatchee","link":"/cities/greater-washington-wa"},{"name":"Charleston","link":"/cities/huntington-wv"},{"name":"Huntington","link":"/cities/huntington-wv"},{"name":"Martinsburg","link":"/cities/martinsburg-wv"},{"name":"Morgantown","link":"/cities/morgantown-wv"},{"name":"Parkersburg","link":"/cities/parkersburg-wv"},{"name":"Vienna","link":"/cities/parkersburg-wv"},{"name":"Appleton","link":"/cities/green-bay-wi"},{"name":"Eau Claire","link":"/cities/eau-claire-wi"},{"name":"Fond du Lac","link":"/cities/sheboygan-fond-du-lac-area-wi"},{"name":"Green Bay","link":"/cities/green-bay-wi"},{"name":"Janesville","link":"/cities/janesville-wi"},{"name":"La Crosse","link":"/cities/la-crosse-wi"},{"name":"Madison","link":"/cities/madison-wi"},{"name":"Milwaukee","link":"/cities/milwaukee-wi"},{"name":"Sheboygan","link":"/cities/sheboygan-fond-du-lac-area-wi"},{"name":"Waukesha","link":"/cities/milwaukee-wi"},{"name":"Cheyenne","link":"/cities/cheyenne-wy"},{"name":"Jackson","link":"/cities/idaho-falls-id"},{"name":"Laramie","link":"/cities/cheyenne-wy"}]}
