{
  "cities": [
    {
      "name": "Abilene",
      "link": "/en-GB/cities/abilene/"
    },
    {
      "name": "Aguascalientes",
      "link": "/en-GB/cities/aguascalientes/"
    },
    {
      "name": "Akron",
      "link": "/en-GB/cities/akron/"
    },
    {
      "name": "Albuquerque",
      "link": "/en-GB/cities/albuquerque/"
    },
    {
      "name": "Amarillo",
      "link": "/en-GB/cities/amarillo/"
    },
    {
      "name": "Ames",
      "link": "/en-GB/cities/ames/"
    },
    {
      "name": "Anchorage",
      "link": "/en-GB/cities/anchorage/"
    },
    {
      "name": "Ann Arbor",
      "link": "/en-GB/cities/ann-arbor/"
    },
    {
      "name": "Asheville, NC",
      "link": "/en-GB/cities/asheville-nc/"
    },
    {
      "name": "Athens",
      "link": "/en-GB/cities/athens/"
    },
    {
      "name": "Atlanta",
      "link": "/en-GB/cities/atlanta/"
    },
    {
      "name": "Augusta",
      "link": "/en-GB/cities/augusta/"
    },
    {
      "name": "Austin",
      "link": "/en-GB/cities/austin/"
    },
    {
      "name": "Bakersfield",
      "link": "/en-GB/cities/bakersfield/"
    },
    {
      "name": "Baltimore-Maryland",
      "link": "/en-GB/cities/baltimore/"
    },
    {
      "name": "Baton Rouge",
      "link": "/en-GB/cities/baton-rouge/"
    },
    {
      "name": "Beaumont",
      "link": "/en-GB/cities/beaumont/"
    },
    {
      "name": "Bellingham",
      "link": "/en-GB/cities/bellingham/"
    },
    {
      "name": "Big Island",
      "link": "/en-GB/cities/hawaii/"
    },
    {
      "name": "Billings",
      "link": "/en-GB/cities/billings/"
    },
    {
      "name": "Birmingham, AL",
      "link": "/en-GB/cities/birmingham-al/"
    },
    {
      "name": "Bismarck",
      "link": "/en-GB/cities/bismarck/"
    },
    {
      "name": "Bloomington, IN",
      "link": "/en-GB/cities/bloomington/"
    },
    {
      "name": "Boise",
      "link": "/en-GB/cities/boise/"
    },
    {
      "name": "Boone",
      "link": "/en-GB/cities/boone/"
    },
    {
      "name": "Boston",
      "link": "/en-GB/cities/boston/"
    },
    {
      "name": "Bowling Green, KY",
      "link": "/en-GB/cities/bowling-green-ky/"
    },
    {
      "name": "Bozeman",
      "link": "/en-GB/cities/bozeman/"
    },
    {
      "name": "Calgary",
      "link": "/en-GB/cities/calgary/"
    },
    {
      "name": "Campeche",
      "link": "/en-GB/cities/campeche/"
    },
    {
      "name": "Cancun",
      "link": "/en-GB/cities/cancun/"
    },
    {
      "name": "Carbondale",
      "link": "/en-GB/cities/carbondale/"
    },
    {
      "name": "Cedar Rapids",
      "link": "/en-GB/cities/cedar-rapids/"
    },
    {
      "name": "Celaya",
      "link": "/en-GB/cities/celaya/"
    },
    {
      "name": "Central Atlantic Coast, FL",
      "link": "/en-GB/cities/daytona-beach/"
    },
    {
      "name": "Central Oregon",
      "link": "/en-GB/cities/eastern-oregon/"
    },
    {
      "name": "Champaign",
      "link": "/en-GB/cities/champaign/"
    },
    {
      "name": "Charleston, SC",
      "link": "/en-GB/cities/charleston/"
    },
    {
      "name": "Charlotte",
      "link": "/en-GB/cities/charlotte/"
    },
    {
      "name": "Charlottesville-Harrisonburg",
      "link": "/en-GB/cities/charlottesville-va/"
    },
    {
      "name": "Chattanooga",
      "link": "/en-GB/cities/chattanooga/"
    },
    {
      "name": "Chicago",
      "link": "/en-GB/cities/chicago/"
    },
    {
      "name": "Chihuahua",
      "link": "/en-GB/cities/chihuahua/"
    },
    {
      "name": "Cincinnati",
      "link": "/en-GB/cities/cincinnati/"
    },
    {
      "name": "Ciudad Juarez",
      "link": "/en-GB/cities/ciudad-juarez/"
    },
    {
      "name": "Ciudad Obregon",
      "link": "/en-GB/cities/ciudad-obregon/"
    },
    {
      "name": "Cleveland",
      "link": "/en-GB/cities/cleveland/"
    },
    {
      "name": "Coastal Georgia",
      "link": "/en-GB/cities/georgia-coast/"
    },
    {
      "name": "Coeur D'Alene",
      "link": "/en-GB/cities/coeur-dalene/"
    },
    {
      "name": "College Station",
      "link": "/en-GB/cities/college-station/"
    },
    {
      "name": "Colorado Springs",
      "link": "/en-GB/cities/colorado-springs/"
    },
    {
      "name": "Columbia, MO",
      "link": "/en-GB/cities/columbia-mo/"
    },
    {
      "name": "Columbia, SC",
      "link": "/en-GB/cities/columbia/"
    },
    {
      "name": "Columbus",
      "link": "/en-GB/cities/columbus/"
    },
    {
      "name": "Connecticut",
      "link": "/en-GB/cities/connecticut/"
    },
    {
      "name": "Cookeville",
      "link": "/en-GB/cities/cookeville/"
    },
    {
      "name": "Corpus Christi",
      "link": "/en-GB/cities/corpus-christi/"
    },
    {
      "name": "Cuernavaca",
      "link": "/en-GB/cities/cuernavaca/"
    },
    {
      "name": "Culiacan",
      "link": "/en-GB/cities/culiacan/"
    },
    {
      "name": "Dallas-Fort Worth",
      "link": "/en-GB/cities/dallas/"
    },
    {
      "name": "Dayton",
      "link": "/en-GB/cities/dayton/"
    },
    {
      "name": "Delaware",
      "link": "/en-GB/cities/wilmington-de/"
    },
    {
      "name": "Denver",
      "link": "/en-GB/cities/denver/"
    },
    {
      "name": "Des Moines",
      "link": "/en-GB/cities/des-moines/"
    },
    {
      "name": "Detroit",
      "link": "/en-GB/cities/detroit/"
    },
    {
      "name": "DuBois",
      "link": "/en-GB/cities/dubois/"
    },
    {
      "name": "Dubuque",
      "link": "/en-GB/cities/dubuque/"
    },
    {
      "name": "Duluth",
      "link": "/en-GB/cities/duluth/"
    },
    {
      "name": "Eagle Pass",
      "link": "/en-GB/cities/eagle-pass/"
    },
    {
      "name": "Eastern Idaho",
      "link": "/en-GB/cities/eastern-idaho/"
    },
    {
      "name": "Eastern North Carolina",
      "link": "/en-GB/cities/eastern-north-carolina/"
    },
    {
      "name": "Eastern Shore",
      "link": "/en-GB/cities/annapolis/"
    },
    {
      "name": "Eastern Washington",
      "link": "/en-GB/cities/tricities-wa/"
    },
    {
      "name": "Eastern WV",
      "link": "/en-GB/cities/morgantown-wv/"
    },
    {
      "name": "Eau Claire",
      "link": "/en-GB/cities/eau-claire/"
    },
    {
      "name": "Edmonton",
      "link": "/en-GB/cities/edmonton/"
    },
    {
      "name": "El Paso",
      "link": "/en-GB/cities/el-paso/"
    },
    {
      "name": "Erie",
      "link": "/en-GB/cities/erie/"
    },
    {
      "name": "Evansville, IN",
      "link": "/en-GB/cities/evansville-in/"
    },
    {
      "name": "Fairbanks",
      "link": "/en-GB/cities/fairbanks/"
    },
    {
      "name": "Fargo - Moorhead",
      "link": "/en-GB/cities/fargo/"
    },
    {
      "name": "Fayetteville, AR",
      "link": "/en-GB/cities/fayetteville-ar/"
    },
    {
      "name": "Fayetteville, NC",
      "link": "/en-GB/cities/fayetteville/"
    },
    {
      "name": "Flagstaff",
      "link": "/en-GB/cities/flagstaff/"
    },
    {
      "name": "Flint",
      "link": "/en-GB/cities/flint/"
    },
    {
      "name": "Florence, SC",
      "link": "/en-GB/cities/florence-sc/"
    },
    {
      "name": "Florida Keys",
      "link": "/en-GB/cities/florida-keys/"
    },
    {
      "name": "Fort Collins",
      "link": "/en-GB/cities/fort-collins/"
    },
    {
      "name": "Fort Myers-Naples",
      "link": "/en-GB/cities/fort-myers/"
    },
    {
      "name": "Fort Wayne",
      "link": "/en-GB/cities/fort-wayne/"
    },
    {
      "name": "Fresno",
      "link": "/en-GB/cities/fresno/"
    },
    {
      "name": "Gainesville",
      "link": "/en-GB/cities/gainesville/"
    },
    {
      "name": "Gallup",
      "link": "/en-GB/cities/gallup/"
    },
    {
      "name": "Gatineau",
      "link": "/en-GB/cities/gatineau/"
    },
    {
      "name": "Golden Triangle",
      "link": "/en-GB/cities/golden-triangle/"
    },
    {
      "name": "Grand Forks",
      "link": "/en-GB/cities/grand-forks/"
    },
    {
      "name": "Grand Rapids",
      "link": "/en-GB/cities/grand-rapids/"
    },
    {
      "name": "Greater Maine",
      "link": "/en-GB/cities/maine/"
    },
    {
      "name": "Greater Williamsport",
      "link": "/en-GB/cities/greater-williamsport/"
    },
    {
      "name": "Green Bay",
      "link": "/en-GB/cities/green-bay/"
    },
    {
      "name": "Greenville, SC",
      "link": "/en-GB/cities/greenville-sc/"
    },
    {
      "name": "Guadalajara",
      "link": "/en-GB/cities/guadalajara/"
    },
    {
      "name": "Guanajuato",
      "link": "/en-GB/cities/guanajuato/"
    },
    {
      "name": "Guasave",
      "link": "/en-GB/cities/guasave/"
    },
    {
      "name": "Guaymas",
      "link": "/en-GB/cities/guaymas/"
    },
    {
      "name": "Gulfport-Biloxi",
      "link": "/en-GB/cities/gulfportbiloxi/"
    },
    {
      "name": "Hamilton",
      "link": "/en-GB/cities/hamilton/"
    },
    {
      "name": "Hampton Roads",
      "link": "/en-GB/cities/virginia-beach/"
    },
    {
      "name": "Harrisburg",
      "link": "/en-GB/cities/harrisburg/"
    },
    {
      "name": "Hattiesburg, MS",
      "link": "/en-GB/cities/hattiesburg-ms/"
    },
    {
      "name": "Hermosillo",
      "link": "/en-GB/cities/hermosillo/"
    },
    {
      "name": "Honolulu",
      "link": "/en-GB/cities/honolulu/"
    },
    {
      "name": "Houston",
      "link": "/en-GB/cities/houston/"
    },
    {
      "name": "Huntsville, AL",
      "link": "/en-GB/cities/huntsville-al/"
    },
    {
      "name": "Indianapolis",
      "link": "/en-GB/cities/indianapolis/"
    },
    {
      "name": "Inland Empire",
      "link": "/en-GB/cities/inland-empire/"
    },
    {
      "name": "Iowa City",
      "link": "/en-GB/cities/iowa-city/"
    },
    {
      "name": "Irapuato",
      "link": "/en-GB/cities/irapuato/"
    },
    {
      "name": "Jackson",
      "link": "/en-GB/cities/jackson/"
    },
    {
      "name": "Jackson, TN",
      "link": "/en-GB/cities/jackson-tn/"
    },
    {
      "name": "Jacksonville",
      "link": "/en-GB/cities/jacksonville/"
    },
    {
      "name": "Johnstown-Altoona",
      "link": "/en-GB/cities/johnstownaltoona/"
    },
    {
      "name": "Jonesboro",
      "link": "/en-GB/cities/jonesboro/"
    },
    {
      "name": "Juneau",
      "link": "/en-GB/cities/juneau/"
    },
    {
      "name": "Kalamazoo",
      "link": "/en-GB/cities/kalamazoo/"
    },
    {
      "name": "Kansas City",
      "link": "/en-GB/cities/kansas-city/"
    },
    {
      "name": "Kauai",
      "link": "/en-GB/cities/kauai/"
    },
    {
      "name": "Killeen",
      "link": "/en-GB/cities/killeen/"
    },
    {
      "name": "Kingston",
      "link": "/en-GB/cities/kingston/"
    },
    {
      "name": "Kitchener-Waterloo",
      "link": "/en-GB/cities/kitchenerwaterloo/"
    },
    {
      "name": "Knoxville",
      "link": "/en-GB/cities/knoxville/"
    },
    {
      "name": "La Crosse",
      "link": "/en-GB/cities/la-crosse/"
    },
    {
      "name": "La Paz, Mexico",
      "link": "/en-GB/cities/la-paz-mexico/"
    },
    {
      "name": "Lafayette, LA",
      "link": "/en-GB/cities/lafayette-la/"
    },
    {
      "name": "Lancaster, PA",
      "link": "/en-GB/cities/lancaster-pa/"
    },
    {
      "name": "Lansing",
      "link": "/en-GB/cities/lansing/"
    },
    {
      "name": "Laredo",
      "link": "/en-GB/cities/laredo/"
    },
    {
      "name": "Las Cruces",
      "link": "/en-GB/cities/las-cruces/"
    },
    {
      "name": "Las Vegas",
      "link": "/en-GB/cities/las-vegas/"
    },
    {
      "name": "Lawrence",
      "link": "/en-GB/cities/lawrence/"
    },
    {
      "name": "Lawton",
      "link": "/en-GB/cities/lawton/"
    },
    {
      "name": "Lehigh Valley",
      "link": "/en-GB/cities/allentown/"
    },
    {
      "name": "Leon",
      "link": "/en-GB/cities/leon/"
    },
    {
      "name": "Lethbridge",
      "link": "/en-GB/cities/lethbridge/"
    },
    {
      "name": "Lexington",
      "link": "/en-GB/cities/lexington/"
    },
    {
      "name": "Lincoln",
      "link": "/en-GB/cities/lincoln/"
    },
    {
      "name": "Little Rock",
      "link": "/en-GB/cities/little-rock/"
    },
    {
      "name": "London, Ont",
      "link": "/en-GB/cities/london-ont/"
    },
    {
      "name": "Los Angeles",
      "link": "/en-GB/cities/los-angeles/"
    },
    {
      "name": "Los Mochis",
      "link": "/en-GB/cities/los-mochis/"
    },
    {
      "name": "Louisville",
      "link": "/en-GB/cities/louisville/"
    },
    {
      "name": "Lubbock",
      "link": "/en-GB/cities/lubbock/"
    },
    {
      "name": "Madison",
      "link": "/en-GB/cities/madison/"
    },
    {
      "name": "Manhattan",
      "link": "/en-GB/cities/manhattan/"
    },
    {
      "name": "Mankato",
      "link": "/en-GB/cities/mankato/"
    },
    {
      "name": "Maui",
      "link": "/en-GB/cities/maui/"
    },
    {
      "name": "Mayaguez",
      "link": "/en-GB/cities/mayaguez/"
    },
    {
      "name": "Mazatlan",
      "link": "/en-GB/cities/mazatlan/"
    },
    {
      "name": "Memphis",
      "link": "/en-GB/cities/memphis/"
    },
    {
      "name": "Merida",
      "link": "/en-GB/cities/merida/"
    },
    {
      "name": "Meridian",
      "link": "/en-GB/cities/meridian/"
    },
    {
      "name": "Mexicali",
      "link": "/en-GB/cities/mexicali/"
    },
    {
      "name": "Mexico City",
      "link": "/en-GB/cities/mexico-city/"
    },
    {
      "name": "Miami",
      "link": "/en-GB/cities/miami/"
    },
    {
      "name": "Midland-Odessa",
      "link": "/en-GB/cities/midland/"
    },
    {
      "name": "Milwaukee",
      "link": "/en-GB/cities/milwaukee/"
    },
    {
      "name": "Minneapolis - St. Paul",
      "link": "/en-GB/cities/minneapolis/"
    },
    {
      "name": "Mississippi Delta",
      "link": "/en-GB/cities/mississippi-delta/"
    },
    {
      "name": "Missoula",
      "link": "/en-GB/cities/missoula/"
    },
    {
      "name": "Mobile, AL",
      "link": "/en-GB/cities/mobile-al/"
    },
    {
      "name": "Modesto",
      "link": "/en-GB/cities/modesto/"
    },
    {
      "name": "Monclova",
      "link": "/en-GB/cities/monclova/"
    },
    {
      "name": "Monroe",
      "link": "/en-GB/cities/monroe/"
    },
    {
      "name": "Monterrey",
      "link": "/en-GB/cities/monterrey/"
    },
    {
      "name": "Montgomery, AL",
      "link": "/en-GB/cities/montgomery/"
    },
    {
      "name": "Montreal",
      "link": "/en-GB/cities/montreal/"
    },
    {
      "name": "Morelia",
      "link": "/en-GB/cities/morelia/"
    },
    {
      "name": "Myrtle Beach",
      "link": "/en-GB/cities/myrtle-beach/"
    },
    {
      "name": "Nacogdoches",
      "link": "/en-GB/cities/nacogdoches/"
    },
    {
      "name": "Nashville",
      "link": "/en-GB/cities/nashville/"
    },
    {
      "name": "Navojoa",
      "link": "/en-GB/cities/navojoa/"
    },
    {
      "name": "New Hampshire",
      "link": "/en-GB/cities/manchester-nh/"
    },
    {
      "name": "New Jersey",
      "link": "/en-GB/cities/new-jersey/"
    },
    {
      "name": "New Jersey (Shore)",
      "link": "/en-GB/cities/new-jersey-shore/"
    },
    {
      "name": "New Orleans",
      "link": "/en-GB/cities/new-orleans/"
    },
    {
      "name": "New York City",
      "link": "/en-GB/cities/new-york/"
    },
    {
      "name": "Niagara Region",
      "link": "/en-GB/cities/niagara-region/"
    },
    {
      "name": "Nogales",
      "link": "/en-GB/cities/nogales/"
    },
    {
      "name": "North Georgia",
      "link": "/en-GB/cities/north-georgia/"
    },
    {
      "name": "Northern Missouri",
      "link": "/en-GB/cities/northern-missouri/"
    },
    {
      "name": "Nuevo Vallarta",
      "link": "/en-GB/cities/nuevo-vallarta/"
    },
    {
      "name": "NW Indiana",
      "link": "/en-GB/cities/nw-indiana/"
    },
    {
      "name": "NYC Suburbs",
      "link": "/en-GB/cities/nyc-suburbs/"
    },
    {
      "name": "Ocala, FL",
      "link": "/en-GB/cities/ocala-fl/"
    },
    {
      "name": "Oklahoma City",
      "link": "/en-GB/cities/oklahoma-city/"
    },
    {
      "name": "Olympia",
      "link": "/en-GB/cities/olympia/"
    },
    {
      "name": "Omaha",
      "link": "/en-GB/cities/omaha/"
    },
    {
      "name": "Orange County",
      "link": "/en-GB/cities/orange-county/"
    },
    {
      "name": "Orlando",
      "link": "/en-GB/cities/orlando/"
    },
    {
      "name": "Ottawa",
      "link": "/en-GB/cities/ottawa/"
    },
    {
      "name": "Outer Banks, NC",
      "link": "/en-GB/cities/outer-banks-nc/"
    },
    {
      "name": "Oxford",
      "link": "/en-GB/cities/oxford/"
    },
    {
      "name": "Palm Springs",
      "link": "/en-GB/cities/palm-springs/"
    },
    {
      "name": "Panama City, Fl",
      "link": "/en-GB/cities/panama-city-fl/"
    },
    {
      "name": "Peninsula and SW WA",
      "link": "/en-GB/cities/peninsulasw-wa/"
    },
    {
      "name": "Pensacola, FL",
      "link": "/en-GB/cities/pensacola-fl/"
    },
    {
      "name": "Peoria, IL",
      "link": "/en-GB/cities/peoria-il/"
    },
    {
      "name": "Philadelphia",
      "link": "/en-GB/cities/philadelphia/"
    },
    {
      "name": "Phoenix",
      "link": "/en-GB/cities/phoenix/"
    },
    {
      "name": "Piedmont Triad",
      "link": "/en-GB/cities/greensboro/"
    },
    {
      "name": "Piedras Negras",
      "link": "/en-GB/cities/piedras-negras/"
    },
    {
      "name": "Pittsburgh",
      "link": "/en-GB/cities/pittsburgh/"
    },
    {
      "name": "Ponce",
      "link": "/en-GB/cities/ponce/"
    },
    {
      "name": "Portland",
      "link": "/en-GB/cities/portland/"
    },
    {
      "name": "Portland, ME",
      "link": "/en-GB/cities/portland-me/"
    },
    {
      "name": "Puebla",
      "link": "/en-GB/cities/puebla/"
    },
    {
      "name": "Puerto Vallarta",
      "link": "/en-GB/cities/puerto-vallarta/"
    },
    {
      "name": "Quad Cities",
      "link": "/en-GB/cities/quad-cities/"
    },
    {
      "name": "Quebec City",
      "link": "/en-GB/cities/quebec-city/"
    },
    {
      "name": "Queretaro",
      "link": "/en-GB/cities/queretaro/"
    },
    {
      "name": "Raleigh-Durham",
      "link": "/en-GB/cities/raleigh/"
    },
    {
      "name": "Reading, PA",
      "link": "/en-GB/cities/reading-pa/"
    },
    {
      "name": "Red Deer",
      "link": "/en-GB/cities/red-deer/"
    },
    {
      "name": "Reno",
      "link": "/en-GB/cities/reno/"
    },
    {
      "name": "Rhode Island",
      "link": "/en-GB/cities/providence/"
    },
    {
      "name": "Richmond",
      "link": "/en-GB/cities/richmond/"
    },
    {
      "name": "Rio Grande Valley",
      "link": "/en-GB/cities/brownsville/"
    },
    {
      "name": "Roanoke-Blacksburg",
      "link": "/en-GB/cities/roanoke/"
    },
    {
      "name": "Rochester, MN",
      "link": "/en-GB/cities/rochester-mn/"
    },
    {
      "name": "Rockford",
      "link": "/en-GB/cities/rockford/"
    },
    {
      "name": "Rockies",
      "link": "/en-GB/cities/rockies/"
    },
    {
      "name": "Sacramento",
      "link": "/en-GB/cities/sacramento/"
    },
    {
      "name": "Salamanca",
      "link": "/en-GB/cities/salamanca/"
    },
    {
      "name": "Salt Lake City",
      "link": "/en-GB/cities/salt-lake-city/"
    },
    {
      "name": "Saltillo",
      "link": "/en-GB/cities/saltillo/"
    },
    {
      "name": "San Angelo",
      "link": "/en-GB/cities/san-angelo/"
    },
    {
      "name": "San Antonio",
      "link": "/en-GB/cities/san-antonio/"
    },
    {
      "name": "San Diego",
      "link": "/en-GB/cities/san-diego/"
    },
    {
      "name": "San Francisco Bay Area",
      "link": "/en-GB/cities/san-francisco/"
    },
    {
      "name": "San Juan, PR",
      "link": "/en-GB/cities/san-juan-pr/"
    },
    {
      "name": "San Luis Obispo",
      "link": "/en-GB/cities/san-luis-obispo/"
    },
    {
      "name": "San Luis Potosi",
      "link": "/en-GB/cities/san-luis-potosi/"
    },
    {
      "name": "San Luis Rio Colorado",
      "link": "/en-GB/cities/san-luis-rio-colorado/"
    },
    {
      "name": "San Miguel de Allende",
      "link": "/en-GB/cities/san-miguel-de-allende/"
    },
    {
      "name": "Santa Barbara",
      "link": "/en-GB/cities/santa-barbara/"
    },
    {
      "name": "Santa Fe",
      "link": "/en-GB/cities/santa-fe/"
    },
    {
      "name": "Sarasota",
      "link": "/en-GB/cities/sarasota/"
    },
    {
      "name": "Savannah-Hilton Head",
      "link": "/en-GB/cities/savannah/"
    },
    {
      "name": "Seattle",
      "link": "/en-GB/cities/seattle/"
    },
    {
      "name": "Shreveport, LA",
      "link": "/en-GB/cities/shreveport-la/"
    },
    {
      "name": "Sioux City",
      "link": "/en-GB/cities/sioux-city/"
    },
    {
      "name": "South Bend",
      "link": "/en-GB/cities/south-bend/"
    },
    {
      "name": "South Georgia",
      "link": "/en-GB/cities/south-georgia/"
    },
    {
      "name": "South Tennessee",
      "link": "/en-GB/cities/south-tennessee/"
    },
    {
      "name": "Southern Arkansas",
      "link": "/en-GB/cities/southern-arkansas/"
    },
    {
      "name": "Southern Oregon",
      "link": "/en-GB/cities/eugene/"
    },
    {
      "name": "Southern Utah",
      "link": "/en-GB/cities/st-george/"
    },
    {
      "name": "Spokane",
      "link": "/en-GB/cities/spokane/"
    },
    {
      "name": "Springfield, IL",
      "link": "/en-GB/cities/springfield-il/"
    },
    {
      "name": "Springfield, Mo",
      "link": "/en-GB/cities/springfield-mo/"
    },
    {
      "name": "St Cloud",
      "link": "/en-GB/cities/st-cloud/"
    },
    {
      "name": "St Louis",
      "link": "/en-GB/cities/st-louis/"
    },
    {
      "name": "State College",
      "link": "/en-GB/cities/state-college/"
    },
    {
      "name": "Stillwater",
      "link": "/en-GB/cities/stillwater/"
    },
    {
      "name": "Tacoma",
      "link": "/en-GB/cities/tacoma/"
    },
    {
      "name": "Tallahassee",
      "link": "/en-GB/cities/tallahassee/"
    },
    {
      "name": "Tampa Bay",
      "link": "/en-GB/cities/tampa/"
    },
    {
      "name": "Taos",
      "link": "/en-GB/cities/taos/"
    },
    {
      "name": "Tepic",
      "link": "/en-GB/cities/tepic/"
    },
    {
      "name": "Terre Haute",
      "link": "/en-GB/cities/terre-haute/"
    },
    {
      "name": "Texarkana",
      "link": "/en-GB/cities/texarkana/"
    },
    {
      "name": "the Hamptons",
      "link": "/en-GB/cities/hamptons/"
    },
    {
      "name": "Tijuana",
      "link": "/en-GB/cities/tijuana/"
    },
    {
      "name": "Toledo",
      "link": "/en-GB/cities/toledo/"
    },
    {
      "name": "Toluca",
      "link": "/en-GB/cities/toluca/"
    },
    {
      "name": "Topeka",
      "link": "/en-GB/cities/topeka/"
    },
    {
      "name": "Toronto",
      "link": "/en-GB/cities/toronto/"
    },
    {
      "name": "Torreon",
      "link": "/en-GB/cities/torreon/"
    },
    {
      "name": "Traverse City",
      "link": "/en-GB/cities/traverse-city/"
    },
    {
      "name": "Tri-Cities",
      "link": "/en-GB/cities/tricities/"
    },
    {
      "name": "Tri-Cities, MI",
      "link": "/en-GB/cities/tricities-mi/"
    },
    {
      "name": "Tucson",
      "link": "/en-GB/cities/tucson/"
    },
    {
      "name": "Tulsa",
      "link": "/en-GB/cities/tulsa/"
    },
    {
      "name": "Tuscaloosa",
      "link": "/en-GB/cities/tuscaloosa/"
    },
    {
      "name": "Tyler",
      "link": "/en-GB/cities/tyler/"
    },
    {
      "name": "Upstate NY",
      "link": "/en-GB/cities/upstate-ny/"
    },
    {
      "name": "Uruapan",
      "link": "/en-GB/cities/uruapan/"
    },
    {
      "name": "Ventura",
      "link": "/en-GB/cities/ventura/"
    },
    {
      "name": "Vermont",
      "link": "/en-GB/cities/burlington/"
    },
    {
      "name": "Villahermosa",
      "link": "/en-GB/cities/villahermosa/"
    },
    {
      "name": "Waco",
      "link": "/en-GB/cities/waco/"
    },
    {
      "name": "Washington D.C.",
      "link": "/en-GB/cities/washington-DC/"
    },
    {
      "name": "Waterloo-Cedar Falls",
      "link": "/en-GB/cities/waterloocedar-falls/"
    },
    {
      "name": "West Lafayette",
      "link": "/en-GB/cities/west-lafayette/"
    },
    {
      "name": "Western Arizona",
      "link": "/en-GB/cities/western-arizona/"
    },
    {
      "name": "Western MA",
      "link": "/en-GB/cities/springfield-ma/"
    },
    {
      "name": "Western WV",
      "link": "/en-GB/cities/charleston-wv/"
    },
    {
      "name": "Wichita",
      "link": "/en-GB/cities/wichita/"
    },
    {
      "name": "Wichita Falls",
      "link": "/en-GB/cities/wichita-falls/"
    },
    {
      "name": "Wilkes-Barre Scranton",
      "link": "/en-GB/cities/wilkesbarre-scranton/"
    },
    {
      "name": "Willamette Valley",
      "link": "/en-GB/cities/salem/"
    },
    {
      "name": "Wilmington, NC",
      "link": "/en-GB/cities/wilmington-nc/"
    },
    {
      "name": "Windsor",
      "link": "/en-GB/cities/windsor/"
    },
    {
      "name": "Worcester",
      "link": "/en-GB/cities/worcester/"
    },
    {
      "name": "Wyoming",
      "link": "/en-GB/cities/cheyenne/"
    },
    {
      "name": "York-Gettysburg",
      "link": "/en-GB/cities/yorkgettysburg/"
    },
    {
      "name": "Youngstown",
      "link": "/en-GB/cities/youngstown/"
    },
    {
      "name": "Yuma",
      "link": "/en-GB/cities/yuma/"
    },
    {
      "name": "Zacatecas",
      "link": "/en-GB/cities/zacatecas/"
    },
    {
      "name": "Anapolis",
      "link": "/en-GB/cities/anapolis/"
    },
    {
      "name": "Angra dos Reis",
      "link": "/en-GB/cities/angra-dos-reis/"
    },
    {
      "name": "Antofagasta",
      "link": "/en-GB/cities/antofagasta/"
    },
    {
      "name": "Aracaju",
      "link": "/en-GB/cities/aracaju/"
    },
    {
      "name": "Aracatuba",
      "link": "/en-GB/cities/aracatuba/"
    },
    {
      "name": "Arapiraca",
      "link": "/en-GB/cities/arapiraca/"
    },
    {
      "name": "Arequipa",
      "link": "/en-GB/cities/arequipa/"
    },
    {
      "name": "Arica",
      "link": "/en-GB/cities/arica/"
    },
    {
      "name": "Armenia",
      "link": "/en-GB/cities/armenia/"
    },
    {
      "name": "Barranquilla",
      "link": "/en-GB/cities/barranquilla/"
    },
    {
      "name": "Barreiras",
      "link": "/en-GB/cities/barreiras/"
    },
    {
      "name": "Bauru",
      "link": "/en-GB/cities/bauru/"
    },
    {
      "name": "Belem",
      "link": "/en-GB/cities/belem/"
    },
    {
      "name": "Belo Horizonte",
      "link": "/en-GB/cities/belo-horizonte/"
    },
    {
      "name": "Blumenau",
      "link": "/en-GB/cities/blumenau/"
    },
    {
      "name": "Boa Vista",
      "link": "/en-GB/cities/boa-vista/"
    },
    {
      "name": "Bogota",
      "link": "/en-GB/cities/bogota/"
    },
    {
      "name": "Botucatu",
      "link": "/en-GB/cities/botucatu/"
    },
    {
      "name": "Braganca Paulista",
      "link": "/en-GB/cities/braganca-paulista/"
    },
    {
      "name": "Brasilia",
      "link": "/en-GB/cities/brasilia/"
    },
    {
      "name": "Bucaramanga",
      "link": "/en-GB/cities/bucaramanga/"
    },
    {
      "name": "Buenos Aires",
      "link": "/en-GB/cities/buenos-aires/"
    },
    {
      "name": "Cabo Frio",
      "link": "/en-GB/cities/cabo-frio/"
    },
    {
      "name": "Calama",
      "link": "/en-GB/cities/calama/"
    },
    {
      "name": "Cali - Colombia",
      "link": "/en-GB/cities/cali/"
    },
    {
      "name": "Campina Grande",
      "link": "/en-GB/cities/campina-grande/"
    },
    {
      "name": "Campinas",
      "link": "/en-GB/cities/campinas/"
    },
    {
      "name": "Campo Grande",
      "link": "/en-GB/cities/campo-grande/"
    },
    {
      "name": "Campos dos Goytacazes",
      "link": "/en-GB/cities/campos-dos-goytacazes/"
    },
    {
      "name": "Cartagena",
      "link": "/en-GB/cities/cartagena/"
    },
    {
      "name": "Caruaru",
      "link": "/en-GB/cities/caruaru/"
    },
    {
      "name": "Cascavel",
      "link": "/en-GB/cities/cascavel/"
    },
    {
      "name": "Caxias do Sul",
      "link": "/en-GB/cities/caxias-do-sul/"
    },
    {
      "name": "Chapeco",
      "link": "/en-GB/cities/chapeco/"
    },
    {
      "name": "Chiclayo",
      "link": "/en-GB/cities/chiclayo/"
    },
    {
      "name": "Concepcion",
      "link": "/en-GB/cities/concepcion/"
    },
    {
      "name": "Copiapo",
      "link": "/en-GB/cities/copiapo/"
    },
    {
      "name": "Criciuma",
      "link": "/en-GB/cities/criciuma/"
    },
    {
      "name": "Cucuta",
      "link": "/en-GB/cities/cucuta/"
    },
    {
      "name": "Cuiaba",
      "link": "/en-GB/cities/cuiaba/"
    },
    {
      "name": "Curitiba",
      "link": "/en-GB/cities/curitiba/"
    },
    {
      "name": "Cusco",
      "link": "/en-GB/cities/cusco/"
    },
    {
      "name": "Divinopolis",
      "link": "/en-GB/cities/divinopolis/"
    },
    {
      "name": "Dourados",
      "link": "/en-GB/cities/dourados/"
    },
    {
      "name": "Feira de Santana",
      "link": "/en-GB/cities/feira-de-santana/"
    },
    {
      "name": "Florianopolis",
      "link": "/en-GB/cities/florianopolis/"
    },
    {
      "name": "Fortaleza",
      "link": "/en-GB/cities/fortaleza/"
    },
    {
      "name": "Franca",
      "link": "/en-GB/cities/franca/"
    },
    {
      "name": "Garanhuns",
      "link": "/en-GB/cities/garanhuns/"
    },
    {
      "name": "Goiania",
      "link": "/en-GB/cities/goiania/"
    },
    {
      "name": "Governador Valadares",
      "link": "/en-GB/cities/governador-valadares/"
    },
    {
      "name": "Guarapuava",
      "link": "/en-GB/cities/guarapuava/"
    },
    {
      "name": "Guatemala City",
      "link": "/en-GB/cities/guatemala-city/"
    },
    {
      "name": "Guayaquil",
      "link": "/en-GB/cities/guayaquil/"
    },
    {
      "name": "Ibague",
      "link": "/en-GB/cities/ibague/"
    },
    {
      "name": "Iguatu",
      "link": "/en-GB/cities/iguatu/"
    },
    {
      "name": "Imperatriz",
      "link": "/en-GB/cities/imperatriz/"
    },
    {
      "name": "Ipatinga",
      "link": "/en-GB/cities/ipatinga/"
    },
    {
      "name": "Iquique",
      "link": "/en-GB/cities/iquique/"
    },
    {
      "name": "Itabuna e Ilheus",
      "link": "/en-GB/cities/itabuna-e-ilheus/"
    },
    {
      "name": "Itajai",
      "link": "/en-GB/cities/itajai/"
    },
    {
      "name": "Itapipoca",
      "link": "/en-GB/cities/itapipoca/"
    },
    {
      "name": "Jequie",
      "link": "/en-GB/cities/jequie/"
    },
    {
      "name": "Joao Pessoa",
      "link": "/en-GB/cities/joao-pessoa/"
    },
    {
      "name": "Joinville",
      "link": "/en-GB/cities/joinville/"
    },
    {
      "name": "Juazeiro do Norte",
      "link": "/en-GB/cities/juazeiro-do-norte/"
    },
    {
      "name": "Juiz de Fora",
      "link": "/en-GB/cities/juiz-de-fora/"
    },
    {
      "name": "La Paz",
      "link": "/en-GB/cities/la-paz/"
    },
    {
      "name": "La Serena",
      "link": "/en-GB/cities/la-serena/"
    },
    {
      "name": "Lages",
      "link": "/en-GB/cities/lages/"
    },
    {
      "name": "Lima",
      "link": "/en-GB/cities/lima/"
    },
    {
      "name": "Londrina",
      "link": "/en-GB/cities/londrina/"
    },
    {
      "name": "Macae",
      "link": "/en-GB/cities/macae/"
    },
    {
      "name": "Macapa",
      "link": "/en-GB/cities/macapa/"
    },
    {
      "name": "Maceio",
      "link": "/en-GB/cities/maceio/"
    },
    {
      "name": "Manaus",
      "link": "/en-GB/cities/manaus/"
    },
    {
      "name": "Manizales",
      "link": "/en-GB/cities/manizales/"
    },
    {
      "name": "Maraba",
      "link": "/en-GB/cities/maraba/"
    },
    {
      "name": "Marilia",
      "link": "/en-GB/cities/marilia/"
    },
    {
      "name": "Maringa",
      "link": "/en-GB/cities/maringa/"
    },
    {
      "name": "Medellin",
      "link": "/en-GB/cities/medellin/"
    },
    {
      "name": "Mogi Guacu",
      "link": "/en-GB/cities/mogi-guacu/"
    },
    {
      "name": "Monteria",
      "link": "/en-GB/cities/monteria/"
    },
    {
      "name": "Montes Claros",
      "link": "/en-GB/cities/montes-claros/"
    },
    {
      "name": "Montevideo",
      "link": "/en-GB/cities/montevideo/"
    },
    {
      "name": "Mossoro",
      "link": "/en-GB/cities/mossoro/"
    },
    {
      "name": "Natal",
      "link": "/en-GB/cities/natal/"
    },
    {
      "name": "Neiva",
      "link": "/en-GB/cities/neiva/"
    },
    {
      "name": "Nova Friburgo",
      "link": "/en-GB/cities/nova-friburgo/"
    },
    {
      "name": "Osorno",
      "link": "/en-GB/cities/osorno/"
    },
    {
      "name": "Ovalle",
      "link": "/en-GB/cities/ovalle/"
    },
    {
      "name": "Palmas",
      "link": "/en-GB/cities/palmas/"
    },
    {
      "name": "Panama City, PA",
      "link": "/en-GB/cities/panama-city/"
    },
    {
      "name": "Paranagua",
      "link": "/en-GB/cities/paranagua/"
    },
    {
      "name": "Parauapebas",
      "link": "/en-GB/cities/parauapebas/"
    },
    {
      "name": "Parnaiba",
      "link": "/en-GB/cities/parnaiba/"
    },
    {
      "name": "Passo Fundo",
      "link": "/en-GB/cities/passo-fundo/"
    },
    {
      "name": "Pasto",
      "link": "/en-GB/cities/pasto/"
    },
    {
      "name": "Patos",
      "link": "/en-GB/cities/patos/"
    },
    {
      "name": "Paulo Afonso",
      "link": "/en-GB/cities/paulo-afonso/"
    },
    {
      "name": "Pelotas",
      "link": "/en-GB/cities/pelotas/"
    },
    {
      "name": "Pereira",
      "link": "/en-GB/cities/pereira/"
    },
    {
      "name": "Petrolina",
      "link": "/en-GB/cities/petrolina/"
    },
    {
      "name": "Petropolis",
      "link": "/en-GB/cities/petropolis/"
    },
    {
      "name": "Piracicaba",
      "link": "/en-GB/cities/piracicaba/"
    },
    {
      "name": "Piura",
      "link": "/en-GB/cities/piura/"
    },
    {
      "name": "Pocos de Caldas",
      "link": "/en-GB/cities/pocos-de-caldas/"
    },
    {
      "name": "Ponta Grossa",
      "link": "/en-GB/cities/ponta-grossa/"
    },
    {
      "name": "Popayan",
      "link": "/en-GB/cities/popayan/"
    },
    {
      "name": "Port of Spain",
      "link": "/en-GB/cities/port-of-spain/"
    },
    {
      "name": "Porto Alegre",
      "link": "/en-GB/cities/porto-alegre/"
    },
    {
      "name": "Porto Seguro",
      "link": "/en-GB/cities/porto-seguro/"
    },
    {
      "name": "Porto Velho",
      "link": "/en-GB/cities/porto-velho/"
    },
    {
      "name": "Pouso Alegre",
      "link": "/en-GB/cities/pouso-alegre/"
    },
    {
      "name": "Presidente Prudente",
      "link": "/en-GB/cities/presidente-prudente/"
    },
    {
      "name": "Puerto Montt",
      "link": "/en-GB/cities/puerto-montt/"
    },
    {
      "name": "Puerto Plata",
      "link": "/en-GB/cities/puerto-plata/"
    },
    {
      "name": "Punta Arenas",
      "link": "/en-GB/cities/punta-arenas/"
    },
    {
      "name": "Punta del Este",
      "link": "/en-GB/cities/punta-del-este/"
    },
    {
      "name": "Quito",
      "link": "/en-GB/cities/quito/"
    },
    {
      "name": "Rancagua",
      "link": "/en-GB/cities/rancagua/"
    },
    {
      "name": "Recife",
      "link": "/en-GB/cities/recife/"
    },
    {
      "name": "Ribeirao Preto",
      "link": "/en-GB/cities/ribeirao-preto/"
    },
    {
      "name": "Rio Branco",
      "link": "/en-GB/cities/rio-branco/"
    },
    {
      "name": "Rio De Janeiro",
      "link": "/en-GB/cities/rio-de-janeiro/"
    },
    {
      "name": "Rio Verde",
      "link": "/en-GB/cities/rio-verde/"
    },
    {
      "name": "Rondonopolis",
      "link": "/en-GB/cities/rondonopolis/"
    },
    {
      "name": "Salvador",
      "link": "/en-GB/cities/salvador/"
    },
    {
      "name": "San Fernando",
      "link": "/en-GB/cities/san-fernando/"
    },
    {
      "name": "San Jose, CR",
      "link": "/en-GB/cities/san-jose/"
    },
    {
      "name": "San Salvador",
      "link": "/en-GB/cities/san-salvador/"
    },
    {
      "name": "Santa Cruz do Capibaribe",
      "link": "/en-GB/cities/santa-cruz-do-capibaribe/"
    },
    {
      "name": "Santa Cruz do Sul",
      "link": "/en-GB/cities/santa-cruz-do-sul/"
    },
    {
      "name": "Santa Cruz, BO",
      "link": "/en-GB/cities/santa-cruz/"
    },
    {
      "name": "Santa Maria",
      "link": "/en-GB/cities/santa-maria/"
    },
    {
      "name": "Santa Marta",
      "link": "/en-GB/cities/santa-marta/"
    },
    {
      "name": "Santarem",
      "link": "/en-GB/cities/santarem/"
    },
    {
      "name": "Santiago",
      "link": "/en-GB/cities/santiago/"
    },
    {
      "name": "Santiago, DR",
      "link": "/en-GB/cities/santiago-rd/"
    },
    {
      "name": "Santo Antonio de Jesus",
      "link": "/en-GB/cities/santo-antonio-de-jesus/"
    },
    {
      "name": "Santo Domingo",
      "link": "/en-GB/cities/santo-domingo/"
    },
    {
      "name": "Santos",
      "link": "/en-GB/cities/santos/"
    },
    {
      "name": "Sao Carlos",
      "link": "/en-GB/cities/sao-carlos/"
    },
    {
      "name": "Sao Jose do Rio Preto",
      "link": "/en-GB/cities/sao-jose-do-rio-preto/"
    },
    {
      "name": "Sao Jose dos Campos",
      "link": "/en-GB/cities/sao-jose-dos-campos/"
    },
    {
      "name": "Sao Luis",
      "link": "/en-GB/cities/sao-luis/"
    },
    {
      "name": "Sao Paulo",
      "link": "/en-GB/cities/sao-paulo/"
    },
    {
      "name": "Sincelejo",
      "link": "/en-GB/cities/sincelejo/"
    },
    {
      "name": "Sobral",
      "link": "/en-GB/cities/sobral/"
    },
    {
      "name": "Sorocaba",
      "link": "/en-GB/cities/sorocaba/"
    },
    {
      "name": "Talca",
      "link": "/en-GB/cities/talca/"
    },
    {
      "name": "Teixeira de Freitas",
      "link": "/en-GB/cities/teixeira-de-freitas/"
    },
    {
      "name": "Temuco",
      "link": "/en-GB/cities/temuco/"
    },
    {
      "name": "Teresina",
      "link": "/en-GB/cities/teresina/"
    },
    {
      "name": "Uberaba",
      "link": "/en-GB/cities/uberaba/"
    },
    {
      "name": "Uberlandia",
      "link": "/en-GB/cities/uberlandia/"
    },
    {
      "name": "Valdivia",
      "link": "/en-GB/cities/valdivia/"
    },
    {
      "name": "Valledupar",
      "link": "/en-GB/cities/valledupar/"
    },
    {
      "name": "Valparaiso",
      "link": "/en-GB/cities/valparaiso/"
    },
    {
      "name": "Villavicencio",
      "link": "/en-GB/cities/villavicencio/"
    },
    {
      "name": "Vitoria",
      "link": "/en-GB/cities/vitoria/"
    },
    {
      "name": "Vitoria da Conquista",
      "link": "/en-GB/cities/vitoria-da-conquista/"
    },
    {
      "name": "Volta Redonda",
      "link": "/en-GB/cities/volta-redonda/"
    },
    {
      "name": "Algarve",
      "link": "/en-GB/cities/algarve/"
    },
    {
      "name": "Amsterdam",
      "link": "/en-GB/cities/amsterdam/"
    },
    {
      "name": "Athens, GR",
      "link": "/en-GB/cities/athens-gr/"
    },
    {
      "name": "Basel",
      "link": "/en-GB/cities/basel/"
    },
    {
      "name": "Belfast",
      "link": "/en-GB/cities/belfast/"
    },
    {
      "name": "Berlin",
      "link": "/en-GB/cities/berlin/"
    },
    {
      "name": "Birmingham, UK",
      "link": "/en-GB/cities/birmingham/"
    },
    {
      "name": "Bordeaux",
      "link": "/en-GB/cities/bordeaux/"
    },
    {
      "name": "Brasov",
      "link": "/en-GB/cities/brasov/"
    },
    {
      "name": "Bratislava",
      "link": "/en-GB/cities/bratislava/"
    },
    {
      "name": "Brighton and Sussex",
      "link": "/en-GB/cities/brighton-and-sussex/"
    },
    {
      "name": "Brussels",
      "link": "/en-GB/cities/brussels/"
    },
    {
      "name": "Bucharest",
      "link": "/en-GB/cities/bucharest/"
    },
    {
      "name": "Budapest",
      "link": "/en-GB/cities/budapest/"
    },
    {
      "name": "Cambridge and East Anglia",
      "link": "/en-GB/cities/east-anglia/"
    },
    {
      "name": "Cardiff",
      "link": "/en-GB/cities/cardiff/"
    },
    {
      "name": "Chelyabinsk",
      "link": "/en-GB/cities/chelyabinsk/"
    },
    {
      "name": "Cluj",
      "link": "/en-GB/cities/cluj/"
    },
    {
      "name": "Copenhagen",
      "link": "/en-GB/cities/copenhagen/"
    },
    {
      "name": "Croatian Coast",
      "link": "/en-GB/cities/split/"
    },
    {
      "name": "Dnipro",
      "link": "/en-GB/cities/dnipro/"
    },
    {
      "name": "Dublin",
      "link": "/en-GB/cities/dublin/"
    },
    {
      "name": "Edinburgh",
      "link": "/en-GB/cities/edinburgh/"
    },
    {
      "name": "Ekaterinburg",
      "link": "/en-GB/cities/yekaterinburg/"
    },
    {
      "name": "Geneva",
      "link": "/en-GB/cities/geneva/"
    },
    {
      "name": "Glasgow",
      "link": "/en-GB/cities/glasgow-uk/"
    },
    {
      "name": "Gothenburg",
      "link": "/en-GB/cities/gothenburg/"
    },
    {
      "name": "Helsinki",
      "link": "/en-GB/cities/helsinki/"
    },
    {
      "name": "Home Counties",
      "link": "/en-GB/cities/home-counties/"
    },
    {
      "name": "Istanbul",
      "link": "/en-GB/cities/istanbul/"
    },
    {
      "name": "Kazan",
      "link": "/en-GB/cities/kazan/"
    },
    {
      "name": "Kharkiv",
      "link": "/en-GB/cities/kharkiv/"
    },
    {
      "name": "Krakow",
      "link": "/en-GB/cities/krakow/"
    },
    {
      "name": "Krasnodar",
      "link": "/en-GB/cities/krasnodar/"
    },
    {
      "name": "Krasnoyarsk",
      "link": "/en-GB/cities/krasnoyarsk/"
    },
    {
      "name": "Kyiv",
      "link": "/en-GB/cities/kyiv/"
    },
    {
      "name": "Lausanne",
      "link": "/en-GB/cities/lausanne/"
    },
    {
      "name": "Leeds",
      "link": "/en-GB/cities/leeds/"
    },
    {
      "name": "Leicester",
      "link": "/en-GB/cities/leicester/"
    },
    {
      "name": "Lille",
      "link": "/en-GB/cities/lille/"
    },
    {
      "name": "Lisbon",
      "link": "/en-GB/cities/lisbon/"
    },
    {
      "name": "Lodz",
      "link": "/en-GB/cities/lodz/"
    },
    {
      "name": "London",
      "link": "/en-GB/cities/london/"
    },
    {
      "name": "Lviv",
      "link": "/en-GB/cities/lviv/"
    },
    {
      "name": "Lyon",
      "link": "/en-GB/cities/lyon/"
    },
    {
      "name": "Madrid",
      "link": "/en-GB/cities/madrid/"
    },
    {
      "name": "Malmö",
      "link": "/en-GB/cities/malmo/"
    },
    {
      "name": "Manchester",
      "link": "/en-GB/cities/manchester/"
    },
    {
      "name": "Marseille",
      "link": "/en-GB/cities/marseille/"
    },
    {
      "name": "Merseyside",
      "link": "/en-GB/cities/liverpool/"
    },
    {
      "name": "Milan",
      "link": "/en-GB/cities/milano/"
    },
    {
      "name": "Minsk",
      "link": "/en-GB/cities/minsk/"
    },
    {
      "name": "Montpellier",
      "link": "/en-GB/cities/montpellier/"
    },
    {
      "name": "Moscow",
      "link": "/en-GB/cities/moscow/"
    },
    {
      "name": "Munich",
      "link": "/en-GB/cities/munich/"
    },
    {
      "name": "Nantes",
      "link": "/en-GB/cities/nantes/"
    },
    {
      "name": "Nice",
      "link": "/en-GB/cities/cannes/"
    },
    {
      "name": "Nizhny Novgorod",
      "link": "/en-GB/cities/nizhny-novgorod/"
    },
    {
      "name": "North East, UK",
      "link": "/en-GB/cities/newcastle-uk/"
    },
    {
      "name": "Nottingham",
      "link": "/en-GB/cities/nottingham/"
    },
    {
      "name": "Novosibirsk",
      "link": "/en-GB/cities/novosibirsk/"
    },
    {
      "name": "Odessa",
      "link": "/en-GB/cities/odessa/"
    },
    {
      "name": "Omsk",
      "link": "/en-GB/cities/omsk/"
    },
    {
      "name": "Oslo",
      "link": "/en-GB/cities/oslo/"
    },
    {
      "name": "Paris",
      "link": "/en-GB/cities/paris/"
    },
    {
      "name": "Perm",
      "link": "/en-GB/cities/perm/"
    },
    {
      "name": "Porto",
      "link": "/en-GB/cities/porto/"
    },
    {
      "name": "Poznan",
      "link": "/en-GB/cities/poznan/"
    },
    {
      "name": "Prague",
      "link": "/en-GB/cities/prague/"
    },
    {
      "name": "Rome",
      "link": "/en-GB/cities/rome/"
    },
    {
      "name": "Rostov-On-Don",
      "link": "/en-GB/cities/rostovondon/"
    },
    {
      "name": "Saint Petersburg",
      "link": "/en-GB/cities/saint-petersburg/"
    },
    {
      "name": "Samara",
      "link": "/en-GB/cities/samara/"
    },
    {
      "name": "Sheffield",
      "link": "/en-GB/cities/sheffield/"
    },
    {
      "name": "Silesia",
      "link": "/en-GB/cities/silesia/"
    },
    {
      "name": "Sochi",
      "link": "/en-GB/cities/sochi/"
    },
    {
      "name": "South Coast, UK",
      "link": "/en-GB/cities/portsmouth/"
    },
    {
      "name": "South West, UK",
      "link": "/en-GB/cities/bristol/"
    },
    {
      "name": "Southern Netherlands",
      "link": "/en-GB/cities/rotterdam/"
    },
    {
      "name": "Stockholm",
      "link": "/en-GB/cities/stockholm/"
    },
    {
      "name": "Stoke",
      "link": "/en-GB/cities/stoke/"
    },
    {
      "name": "Strasbourg",
      "link": "/en-GB/cities/strasbourg/"
    },
    {
      "name": "Tallinn",
      "link": "/en-GB/cities/tallinn/"
    },
    {
      "name": "Timisoara",
      "link": "/en-GB/cities/timisoara/"
    },
    {
      "name": "Toulouse",
      "link": "/en-GB/cities/toulouse/"
    },
    {
      "name": "Trojmiasto",
      "link": "/en-GB/cities/gdansk/"
    },
    {
      "name": "Ufa",
      "link": "/en-GB/cities/ufa/"
    },
    {
      "name": "Vienna",
      "link": "/en-GB/cities/vienna/"
    },
    {
      "name": "Vilnius",
      "link": "/en-GB/cities/vilnius/"
    },
    {
      "name": "Vinnytsia",
      "link": "/en-GB/cities/vinnytsia/"
    },
    {
      "name": "Voronezh",
      "link": "/en-GB/cities/voronezh/"
    },
    {
      "name": "Warsaw",
      "link": "/en-GB/cities/warsaw/"
    },
    {
      "name": "Wroclaw",
      "link": "/en-GB/cities/wroclaw/"
    },
    {
      "name": "York",
      "link": "/en-GB/cities/york/"
    },
    {
      "name": "Zagreb",
      "link": "/en-GB/cities/zagreb/"
    },
    {
      "name": "Zaporizhia",
      "link": "/en-GB/cities/zaporizhia/"
    },
    {
      "name": "Zurich",
      "link": "/en-GB/cities/zurich/"
    },
    {
      "name": "Almaty",
      "link": "/en-GB/cities/almaty/"
    },
    {
      "name": "Amman",
      "link": "/en-GB/cities/amman/"
    },
    {
      "name": "Astana",
      "link": "/en-GB/cities/astana/"
    },
    {
      "name": "Baku",
      "link": "/en-GB/cities/baku/"
    },
    {
      "name": "Beirut",
      "link": "/en-GB/cities/beirut/"
    },
    {
      "name": "Doha",
      "link": "/en-GB/cities/doha/"
    },
    {
      "name": "Dubai",
      "link": "/en-GB/cities/dubai/"
    },
    {
      "name": "Eastern Province, KSA",
      "link": "/en-GB/cities/dammam/"
    },
    {
      "name": "Jeddah",
      "link": "/en-GB/cities/jeddah/"
    },
    {
      "name": "Manama",
      "link": "/en-GB/cities/manama/"
    },
    {
      "name": "Riyadh",
      "link": "/en-GB/cities/riyadh/"
    },
    {
      "name": "Shymkent",
      "link": "/en-GB/cities/shymkent/"
    },
    {
      "name": "Tel Aviv",
      "link": "/en-GB/cities/tel-aviv/"
    },
    {
      "name": "Abuja",
      "link": "/en-GB/cities/abuja/"
    },
    {
      "name": "Accra",
      "link": "/en-GB/cities/accra/"
    },
    {
      "name": "Alexandria",
      "link": "/en-GB/cities/alexandria/"
    },
    {
      "name": "Cairo",
      "link": "/en-GB/cities/cairo/"
    },
    {
      "name": "Cape Town",
      "link": "/en-GB/cities/cape-town/"
    },
    {
      "name": "Casablanca",
      "link": "/en-GB/cities/casablanca/"
    },
    {
      "name": "Dar Es Salaam",
      "link": "/en-GB/cities/dar-es-salaam/"
    },
    {
      "name": "Durban",
      "link": "/en-GB/cities/durban/"
    },
    {
      "name": "Johannesburg and Pretoria",
      "link": "/en-GB/cities/johannesburg/"
    },
    {
      "name": "Kampala",
      "link": "/en-GB/cities/kampala/"
    },
    {
      "name": "Kumasi",
      "link": "/en-GB/cities/kumasi/"
    },
    {
      "name": "Lagos",
      "link": "/en-GB/cities/lagos/"
    },
    {
      "name": "Mombasa",
      "link": "/en-GB/cities/mombasa/"
    },
    {
      "name": "Nairobi",
      "link": "/en-GB/cities/nairobi/"
    },
    {
      "name": "Port Elizabeth",
      "link": "/en-GB/cities/port-elizabeth/"
    },
    {
      "name": "Hong Kong",
      "link": "/en-GB/cities/hong-kong/"
    },
    {
      "name": "Incheon",
      "link": "/en-GB/cities/incheon/"
    },
    {
      "name": "Kaohsiung",
      "link": "/en-GB/cities/kaohsiung/"
    },
    {
      "name": "Kyotango",
      "link": "/en-GB/cities/kyotango/"
    },
    {
      "name": "Macau",
      "link": "/en-GB/cities/macau/"
    },
    {
      "name": "Seoul",
      "link": "/en-GB/cities/seoul/"
    },
    {
      "name": "Taichung",
      "link": "/en-GB/cities/taichung/"
    },
    {
      "name": "Taipei",
      "link": "/en-GB/cities/taipei/"
    },
    {
      "name": "Tokyo",
      "link": "/en-GB/cities/tokyo/"
    },
    {
      "name": "Yokohama",
      "link": "/en-GB/cities/yokohama/"
    },
    {
      "name": "Ahmedabad",
      "link": "/en-GB/cities/ahmedabad/"
    },
    {
      "name": "Ajmer",
      "link": "/en-GB/cities/ajmer/"
    },
    {
      "name": "Amritsar",
      "link": "/en-GB/cities/amritsar/"
    },
    {
      "name": "Bangalore",
      "link": "/en-GB/cities/bangalore/"
    },
    {
      "name": "Bhopal",
      "link": "/en-GB/cities/bhopal/"
    },
    {
      "name": "Bhubaneswar",
      "link": "/en-GB/cities/bhubaneswar/"
    },
    {
      "name": "Chandigarh",
      "link": "/en-GB/cities/chandigarh/"
    },
    {
      "name": "Chennai",
      "link": "/en-GB/cities/chennai/"
    },
    {
      "name": "Coimbatore",
      "link": "/en-GB/cities/coimbatore/"
    },
    {
      "name": "Colombo",
      "link": "/en-GB/cities/colombo/"
    },
    {
      "name": "Delhi NCR",
      "link": "/en-GB/cities/new-delhi/"
    },
    {
      "name": "Dhaka",
      "link": "/en-GB/cities/dhaka/"
    },
    {
      "name": "Faisalabad",
      "link": "/en-GB/cities/faisalabad/"
    },
    {
      "name": "Gujranwala",
      "link": "/en-GB/cities/gujranwala/"
    },
    {
      "name": "Guwahati",
      "link": "/en-GB/cities/guwahati/"
    },
    {
      "name": "Hyderabad",
      "link": "/en-GB/cities/hyderabad/"
    },
    {
      "name": "Hyderabad, Pakistan",
      "link": "/en-GB/cities/hyderabad-pakistan/"
    },
    {
      "name": "Indore",
      "link": "/en-GB/cities/indore/"
    },
    {
      "name": "Islamabad",
      "link": "/en-GB/cities/islamabad/"
    },
    {
      "name": "Jaipur",
      "link": "/en-GB/cities/jaipur/"
    },
    {
      "name": "Jodhpur",
      "link": "/en-GB/cities/jodhpur/"
    },
    {
      "name": "Karachi",
      "link": "/en-GB/cities/karachi/"
    },
    {
      "name": "Kochi",
      "link": "/en-GB/cities/kochi/"
    },
    {
      "name": "Kolkata",
      "link": "/en-GB/cities/kolkata/"
    },
    {
      "name": "Lahore",
      "link": "/en-GB/cities/lahore/"
    },
    {
      "name": "Lucknow",
      "link": "/en-GB/cities/lucknow/"
    },
    {
      "name": "Ludhiana",
      "link": "/en-GB/cities/ludhiana/"
    },
    {
      "name": "Mangalore",
      "link": "/en-GB/cities/mangalore/"
    },
    {
      "name": "Mumbai",
      "link": "/en-GB/cities/mumbai/"
    },
    {
      "name": "Mysore",
      "link": "/en-GB/cities/mysore/"
    },
    {
      "name": "Nagpur",
      "link": "/en-GB/cities/nagpur/"
    },
    {
      "name": "Nashik",
      "link": "/en-GB/cities/nashik/"
    },
    {
      "name": "Pune",
      "link": "/en-GB/cities/pune/"
    },
    {
      "name": "Surat",
      "link": "/en-GB/cities/surat/"
    },
    {
      "name": "Thiruvananthapuram",
      "link": "/en-GB/cities/thiruvananthapuram/"
    },
    {
      "name": "Udaipur",
      "link": "/en-GB/cities/udaipur/"
    },
    {
      "name": "Vadodara",
      "link": "/en-GB/cities/vadodara/"
    },
    {
      "name": "Visakhapatnam",
      "link": "/en-GB/cities/visakhapatnam/"
    },
    {
      "name": "Bali",
      "link": "/en-GB/cities/bali/"
    },
    {
      "name": "Balikpapan",
      "link": "/en-GB/cities/balikpapan/"
    },
    {
      "name": "Bandung",
      "link": "/en-GB/cities/bandung/"
    },
    {
      "name": "Bangkok",
      "link": "/en-GB/cities/bangkok/"
    },
    {
      "name": "Batu Pahat",
      "link": "/en-GB/cities/batu-pahat/"
    },
    {
      "name": "Cebu",
      "link": "/en-GB/cities/cebu/"
    },
    {
      "name": "Chiang Mai",
      "link": "/en-GB/cities/chiang-mai/"
    },
    {
      "name": "Chiang Rai",
      "link": "/en-GB/cities/chiang-rai/"
    },
    {
      "name": "Cirebon",
      "link": "/en-GB/cities/cirebon/"
    },
    {
      "name": "Danang",
      "link": "/en-GB/cities/danang/"
    },
    {
      "name": "Hanoi",
      "link": "/en-GB/cities/hanoi/"
    },
    {
      "name": "Ho Chi Minh City",
      "link": "/en-GB/cities/ho-chi-minh-city/"
    },
    {
      "name": "Ipoh",
      "link": "/en-GB/cities/ipoh/"
    },
    {
      "name": "Jakarta",
      "link": "/en-GB/cities/jakarta/"
    },
    {
      "name": "Johor Bahru",
      "link": "/en-GB/cities/johor-bahru/"
    },
    {
      "name": "Khon Kaen",
      "link": "/en-GB/cities/khon-kaen/"
    },
    {
      "name": "Kota Kinabalu",
      "link": "/en-GB/cities/kota-kinabalu/"
    },
    {
      "name": "Kuala Lumpur",
      "link": "/en-GB/cities/kuala-lumpur/"
    },
    {
      "name": "Kuala Terengganu",
      "link": "/en-GB/cities/kuala-terengganu/"
    },
    {
      "name": "Kuantan",
      "link": "/en-GB/cities/kuantan/"
    },
    {
      "name": "Kuching",
      "link": "/en-GB/cities/kuching/"
    },
    {
      "name": "Lampung",
      "link": "/en-GB/cities/lampung/"
    },
    {
      "name": "Makassar",
      "link": "/en-GB/cities/makassar/"
    },
    {
      "name": "Malang",
      "link": "/en-GB/cities/malang/"
    },
    {
      "name": "Manado",
      "link": "/en-GB/cities/manado/"
    },
    {
      "name": "Manila",
      "link": "/en-GB/cities/manila/"
    },
    {
      "name": "Medan",
      "link": "/en-GB/cities/medan/"
    },
    {
      "name": "Melaka",
      "link": "/en-GB/cities/melaka/"
    },
    {
      "name": "Nha Trang",
      "link": "/en-GB/cities/nha-trang/"
    },
    {
      "name": "Palembang",
      "link": "/en-GB/cities/palembang/"
    },
    {
      "name": "Pampanga",
      "link": "/en-GB/cities/pampanga/"
    },
    {
      "name": "Pattaya",
      "link": "/en-GB/cities/pattaya/"
    },
    {
      "name": "Pekanbaru",
      "link": "/en-GB/cities/pekanbaru/"
    },
    {
      "name": "Penang",
      "link": "/en-GB/cities/penang/"
    },
    {
      "name": "Phnom Penh",
      "link": "/en-GB/cities/phnom-penh/"
    },
    {
      "name": "Pontianak",
      "link": "/en-GB/cities/pontianak/"
    },
    {
      "name": "Sandakan",
      "link": "/en-GB/cities/sandakan/"
    },
    {
      "name": "Semarang",
      "link": "/en-GB/cities/semarang/"
    },
    {
      "name": "Singapore",
      "link": "/en-GB/cities/singapore/"
    },
    {
      "name": "Surabaya",
      "link": "/en-GB/cities/surabaya/"
    },
    {
      "name": "Surakarta",
      "link": "/en-GB/cities/surakarta/"
    },
    {
      "name": "Yangon",
      "link": "/en-GB/cities/yangon/"
    },
    {
      "name": "Yogyakarta",
      "link": "/en-GB/cities/yogyakarta/"
    },
    {
      "name": "Adelaide",
      "link": "/en-GB/cities/adelaide/"
    },
    {
      "name": "Auckland",
      "link": "/en-GB/cities/auckland/"
    },
    {
      "name": "Bendigo and Ballarat",
      "link": "/en-GB/cities/ballarat/"
    },
    {
      "name": "Brisbane",
      "link": "/en-GB/cities/brisbane/"
    },
    {
      "name": "Byron Bay",
      "link": "/en-GB/cities/byron-bay/"
    },
    {
      "name": "Cairns",
      "link": "/en-GB/cities/cairns/"
    },
    {
      "name": "Canberra",
      "link": "/en-GB/cities/canberra/"
    },
    {
      "name": "Christchurch",
      "link": "/en-GB/cities/christchurch/"
    },
    {
      "name": "Geelong",
      "link": "/en-GB/cities/geelong/"
    },
    {
      "name": "Gold Coast",
      "link": "/en-GB/cities/gold-coast/"
    },
    {
      "name": "Hamilton, NZ",
      "link": "/en-GB/cities/hamilton-nz/"
    },
    {
      "name": "Hobart",
      "link": "/en-GB/cities/hobart/"
    },
    {
      "name": "Melbourne",
      "link": "/en-GB/cities/melbourne/"
    },
    {
      "name": "Mornington Peninsula",
      "link": "/en-GB/cities/mornington-peninsula/"
    },
    {
      "name": "Newcastle",
      "link": "/en-GB/cities/newcastle/"
    },
    {
      "name": "Perth",
      "link": "/en-GB/cities/perth/"
    },
    {
      "name": "Sunshine Coast",
      "link": "/en-GB/cities/sunshine-coast/"
    },
    {
      "name": "Sydney",
      "link": "/en-GB/cities/sydney/"
    },
    {
      "name": "Tauranga",
      "link": "/en-GB/cities/tauranga/"
    },
    {
      "name": "Toowoomba",
      "link": "/en-GB/cities/toowoomba/"
    },
    {
      "name": "Townsville",
      "link": "/en-GB/cities/townsville/"
    },
    {
      "name": "Wellington",
      "link": "/en-GB/cities/wellington/"
    },
    {
      "name": "Wollongong",
      "link": "/en-GB/cities/wollongong/"
    }
  ]
}
